-- MySQL dump 10.13  Distrib 8.0.32, for Linux (x86_64)
--
-- Host: localhost    Database: gomgom
-- ------------------------------------------------------
-- Server version	8.0.32-0ubuntu0.20.04.2

/*!40101 SET @OLD_CHARACTER_SET_CLIENT=@@CHARACTER_SET_CLIENT */;
/*!40101 SET @OLD_CHARACTER_SET_RESULTS=@@CHARACTER_SET_RESULTS */;
/*!40101 SET @OLD_COLLATION_CONNECTION=@@COLLATION_CONNECTION */;
/*!50503 SET NAMES utf8mb4 */;
/*!40103 SET @OLD_TIME_ZONE=@@TIME_ZONE */;
/*!40103 SET TIME_ZONE='+00:00' */;
/*!40014 SET @OLD_UNIQUE_CHECKS=@@UNIQUE_CHECKS, UNIQUE_CHECKS=0 */;
/*!40014 SET @OLD_FOREIGN_KEY_CHECKS=@@FOREIGN_KEY_CHECKS, FOREIGN_KEY_CHECKS=0 */;
/*!40101 SET @OLD_SQL_MODE=@@SQL_MODE, SQL_MODE='NO_AUTO_VALUE_ON_ZERO' */;
/*!40111 SET @OLD_SQL_NOTES=@@SQL_NOTES, SQL_NOTES=0 */;

--
-- Table structure for table `animation_best_scores`
--

DROP TABLE IF EXISTS `animation_best_scores`;
/*!40101 SET @saved_cs_client     = @@character_set_client */;
/*!50503 SET character_set_client = utf8mb4 */;
CREATE TABLE `animation_best_scores` (
  `id` bigint NOT NULL AUTO_INCREMENT,
  `created_date` datetime DEFAULT NULL,
  `modified_date` datetime DEFAULT NULL,
  `animation_id` bigint NOT NULL,
  `best_score` bigint DEFAULT NULL,
  `user_id` varchar(10) NOT NULL,
  PRIMARY KEY (`id`),
  KEY `FKdl8qer66avjxsu03uue89um8m` (`animation_id`),
  KEY `FKgn48dfsu25us0jp7arng5d2mp` (`user_id`)
) ENGINE=MyISAM AUTO_INCREMENT=50 DEFAULT CHARSET=utf8mb4 COLLATE=utf8mb4_0900_ai_ci;
/*!40101 SET character_set_client = @saved_cs_client */;

--
-- Dumping data for table `animation_best_scores`
--

LOCK TABLES `animation_best_scores` WRITE;
/*!40000 ALTER TABLE `animation_best_scores` DISABLE KEYS */;
INSERT INTO `animation_best_scores` VALUES (1,'2023-03-30 05:46:26','2023-04-06 16:53:20',2,77,'yunji9151'),(2,'2023-03-30 05:46:33','2023-04-06 01:36:47',1,80,'yunji9151'),(13,'2023-04-02 01:33:18','2023-04-02 01:33:18',4,60,'ssafy6'),(5,'2023-04-01 01:27:14','2023-04-01 01:27:14',4,66,'yunji9151'),(34,'2023-04-05 10:45:50','2023-04-05 10:45:50',13,40,'ssafy6'),(31,'2023-04-05 10:44:35','2023-04-05 10:44:35',13,20,'suzdev33'),(29,'2023-04-05 10:44:18','2023-04-05 10:44:18',31,20,'suzdev33'),(37,'2023-04-05 10:46:47','2023-04-05 10:46:47',26,40,'tmdgml1754'),(14,'2023-04-02 01:33:30','2023-04-03 08:25:27',4,90,'ssafy4'),(35,'2023-04-05 10:45:58','2023-04-05 10:45:58',26,40,'ssafy6'),(33,'2023-04-05 10:45:35','2023-04-05 10:45:35',13,40,'ssafy2'),(32,'2023-04-05 10:45:27','2023-04-05 10:45:31',13,40,'ssafy1'),(19,'2023-04-02 01:59:31','2023-04-02 01:59:31',1,50,'ssafy6'),(20,'2023-04-02 02:05:59','2023-04-02 02:05:59',1,50,'ssafy4'),(21,'2023-04-02 04:43:56','2023-04-02 04:43:56',1,41,'ymj3539'),(22,'2023-04-02 04:46:27','2023-04-02 04:46:27',4,46,'ymj3539'),(30,'2023-04-05 10:44:29','2023-04-05 10:44:29',26,20,'suzdev33'),(24,'2023-04-05 02:04:25','2023-04-05 02:04:25',4,10,'suzdev33'),(25,'2023-04-05 02:04:49','2023-04-05 02:04:52',2,20,'suzdev33'),(26,'2023-04-05 02:29:46','2023-04-05 06:38:44',1,20,'suzdev33'),(36,'2023-04-05 10:46:33','2023-04-05 10:46:33',26,40,'parody9c'),(38,'2023-04-05 10:47:26','2023-04-05 10:47:26',31,40,'tmdgml1754'),(39,'2023-04-05 17:21:27','2023-04-06 15:46:09',1,73,'yongjae2'),(40,'2023-04-06 04:19:27','2023-04-06 04:19:27',2,20,'tmdgml1754'),(41,'2023-04-06 04:19:47','2023-04-06 04:19:47',2,20,'ssafy'),(42,'2023-04-06 04:20:16','2023-04-06 04:20:16',13,20,'ssafy'),(43,'2023-04-06 04:20:25','2023-04-06 04:20:25',31,80,'ssafy'),(44,'2023-04-06 04:21:21','2023-04-06 04:24:17',4,80,'ssafy'),(46,'2023-04-06 04:27:32','2023-04-06 04:27:32',26,60,'ssafy'),(47,'2023-04-06 12:34:49','2023-04-06 12:34:49',1,53,'ssafy3'),(48,'2023-04-06 12:38:45','2023-04-06 12:38:45',4,49,'ssafy3'),(49,'2023-04-07 00:53:30','2023-04-07 00:53:30',1,68,'ssafy');
/*!40000 ALTER TABLE `animation_best_scores` ENABLE KEYS */;
UNLOCK TABLES;

--
-- Table structure for table `animation_scores`
--

DROP TABLE IF EXISTS `animation_scores`;
/*!40101 SET @saved_cs_client     = @@character_set_client */;
/*!50503 SET character_set_client = utf8mb4 */;
CREATE TABLE `animation_scores` (
  `id` bigint NOT NULL AUTO_INCREMENT,
  `created_date` datetime DEFAULT NULL,
  `modified_date` datetime DEFAULT NULL,
  `animation_id` bigint NOT NULL,
  `score` bigint DEFAULT NULL,
  `user_id` varchar(10) NOT NULL,
  PRIMARY KEY (`id`),
  KEY `FK9xa2m3kf5rfrs99a7lb1kxids` (`animation_id`),
  KEY `FK2p0eb8imgk2adwvwv78n3njkt` (`user_id`)
) ENGINE=MyISAM AUTO_INCREMENT=85 DEFAULT CHARSET=utf8mb4 COLLATE=utf8mb4_0900_ai_ci;
/*!40101 SET character_set_client = @saved_cs_client */;

--
-- Dumping data for table `animation_scores`
--

LOCK TABLES `animation_scores` WRITE;
/*!40000 ALTER TABLE `animation_scores` DISABLE KEYS */;
INSERT INTO `animation_scores` VALUES (1,'2023-03-30 05:46:26','2023-03-30 05:46:26',2,10,'yunji9151'),(2,'2023-03-30 05:46:29','2023-03-30 05:46:29',2,10,'yunji9151'),(3,'2023-03-30 05:46:30','2023-03-30 05:46:30',2,10,'yunji9151'),(4,'2023-03-30 05:46:33','2023-03-30 05:46:33',1,10,'yunji9151'),(57,'2023-04-05 10:45:50','2023-04-05 10:45:50',13,40,'ssafy6'),(56,'2023-04-05 10:45:35','2023-04-05 10:45:35',13,40,'ssafy2'),(27,'2023-04-02 01:33:30','2023-04-02 01:33:30',4,80,'ssafy4'),(9,'2023-04-01 01:27:14','2023-04-01 01:27:14',4,66,'yunji9151'),(55,'2023-04-05 10:45:31','2023-04-05 10:45:31',13,40,'ssafy1'),(51,'2023-04-05 10:44:18','2023-04-05 10:44:18',31,20,'suzdev33'),(52,'2023-04-05 10:44:29','2023-04-05 10:44:29',26,20,'suzdev33'),(26,'2023-04-02 01:33:23','2023-04-02 01:33:23',4,60,'ssafy4'),(25,'2023-04-02 01:33:18','2023-04-02 01:33:18',4,60,'ssafy4'),(24,'2023-04-02 01:32:18','2023-04-02 01:32:18',4,60,'ssafy4'),(23,'2023-04-02 01:31:54','2023-04-02 01:31:54',4,30,'ssafy4'),(59,'2023-04-05 10:46:33','2023-04-05 10:46:33',26,40,'parody9c'),(54,'2023-04-05 10:45:27','2023-04-05 10:45:27',13,20,'ssafy1'),(53,'2023-04-05 10:44:35','2023-04-05 10:44:35',13,20,'suzdev33'),(33,'2023-04-02 01:59:31','2023-04-02 01:59:31',1,50,'ssafy6'),(34,'2023-04-02 02:05:59','2023-04-02 02:05:59',1,50,'ssafy4'),(35,'2023-04-02 04:43:56','2023-04-02 04:43:56',1,41,'ymj3539'),(36,'2023-04-02 04:46:27','2023-04-02 04:46:27',4,46,'ymj3539'),(41,'2023-04-03 08:25:07','2023-04-03 08:25:07',4,90,'ssafy4'),(42,'2023-04-03 08:25:27','2023-04-03 08:25:27',4,90,'ssafy4'),(43,'2023-04-05 02:04:25','2023-04-05 02:04:25',4,10,'suzdev33'),(44,'2023-04-05 02:04:49','2023-04-05 02:04:49',2,10,'suzdev33'),(72,'2023-04-06 04:25:54','2023-04-06 04:25:54',2,28,'yunji9151'),(46,'2023-04-05 02:29:46','2023-04-05 02:29:46',1,20,'suzdev33'),(47,'2023-04-05 06:38:44','2023-04-05 06:38:44',1,20,'suzdev33'),(58,'2023-04-05 10:45:58','2023-04-05 10:45:58',26,40,'ssafy6'),(60,'2023-04-05 10:46:47','2023-04-05 10:46:47',26,40,'tmdgml1754'),(61,'2023-04-05 10:47:26','2023-04-05 10:47:26',31,40,'tmdgml1754'),(62,'2023-04-05 17:21:27','2023-04-05 17:21:27',1,57,'yongjae2'),(63,'2023-04-05 19:45:26','2023-04-05 19:45:26',2,68,'yunji9151'),(64,'2023-04-06 01:36:47','2023-04-06 01:36:47',1,37,'yunji9151'),(65,'2023-04-06 04:19:27','2023-04-06 04:19:27',2,20,'tmdgml1754'),(66,'2023-04-06 04:19:47','2023-04-06 04:19:47',2,20,'ssafy'),(67,'2023-04-06 04:20:16','2023-04-06 04:20:16',13,20,'ssafy'),(68,'2023-04-06 04:20:25','2023-04-06 04:20:25',31,80,'ssafy'),(69,'2023-04-06 04:21:21','2023-04-06 04:21:21',4,60,'ssafy'),(70,'2023-04-06 04:24:17','2023-04-06 04:24:17',4,80,'ssafy'),(73,'2023-04-06 04:27:32','2023-04-06 04:27:32',26,60,'ssafy'),(74,'2023-04-06 04:58:58','2023-04-06 04:58:58',2,40,'yunji9151'),(75,'2023-04-06 06:28:03','2023-04-06 06:28:03',2,55,'yunji9151'),(76,'2023-04-06 11:35:25','2023-04-06 11:35:25',1,73,'yongjae2'),(77,'2023-04-06 12:01:53','2023-04-06 12:01:53',2,44,'yunji9151'),(78,'2023-04-06 12:10:42','2023-04-06 12:10:42',2,77,'yunji9151'),(79,'2023-04-06 12:34:49','2023-04-06 12:34:49',1,53,'ssafy3'),(80,'2023-04-06 12:38:45','2023-04-06 12:38:45',4,49,'ssafy3'),(81,'2023-04-06 15:15:56','2023-04-06 15:15:56',1,64,'yongjae2'),(82,'2023-04-06 15:46:09','2023-04-06 15:46:09',1,59,'yongjae2'),(83,'2023-04-06 16:53:20','2023-04-06 16:53:20',2,66,'yunji9151'),(84,'2023-04-07 00:53:30','2023-04-07 00:53:30',1,68,'ssafy');
/*!40000 ALTER TABLE `animation_scores` ENABLE KEYS */;
UNLOCK TABLES;

--
-- Table structure for table `animations`
--

DROP TABLE IF EXISTS `animations`;
/*!40101 SET @saved_cs_client     = @@character_set_client */;
/*!50503 SET character_set_client = utf8mb4 */;
CREATE TABLE `animations` (
  `id` bigint NOT NULL AUTO_INCREMENT,
  `path_url` varchar(255) NOT NULL,
  `running_time` bigint NOT NULL,
  `title` varchar(255) NOT NULL,
  PRIMARY KEY (`id`)
) ENGINE=MyISAM AUTO_INCREMENT=35 DEFAULT CHARSET=utf8mb4 COLLATE=utf8mb4_0900_ai_ci;
/*!40101 SET character_set_client = @saved_cs_client */;

--
-- Dumping data for table `animations`
--

LOCK TABLES `animations` WRITE;
/*!40000 ALTER TABLE `animations` DISABLE KEYS */;
INSERT INTO `animations` VALUES (1,'DSXhcisAYKI',57,'주토피아(Zootopia) - 주디의 학예회 (스크립트)'),(2,'uJv0iK-DX7k',58,'주토피아(Zootopia) - 난 절대 포기하지 않아 (스크립트)'),(3,'F806Abg7Tfo',63,'주토피아(Zootopia) - 고향을 떠나, 주토피아로'),(4,'jBdLF7DAJyo',55,'주토피아(Zootopia) - 잔돈은 됐어요! (스크립트)'),(5,'h1jD7eq3TFw',77,'주토피아(Zootopia) - 저도 진짜 경찰 임무를 하고싶어요!'),(6,'ujwsOAMniww',74,'주토피아(Zootopia) - 인생은 뮤지컬이 아니야'),(7,'OOf_oETWPR0',56,'주토피아(Zootopia) - 남편을 찾아주세요'),(8,'NiG0shDAIH8',60,'주토피아(Zootopia) - 닉 와일드, 널 체포하겠어.'),(9,'si0bTs6c2VM',79,'주토피아(Zootopia) - 자연주의 클럽'),(10,'0uNTWIdknFw',60,'주토피아(Zootopia) - 플래시, 농담 하나 들어볼래?'),(11,'Qxer5Fc4xaY',60,'주토피아(Zootopia) - 미스터 빅한테 걸리면 끝장이야!'),(12,'9PGBZMYIJZ8',62,'주토피아(Zootopia) - 난 신세 지곤 못 사는 성격이거든'),(13,'QzV1Fq-Cp4E',76,'주토피아(Zootopia) - 밤의 울음꾼'),(14,'nUQV1dSaTNY',68,'주토피아(Zootopia) - 도움이 돼서 정말 기뻐'),(15,'f3ILFBAshvI',68,'주토피아(Zootopia) - 난 도시를 지키려고 한 거야'),(16,'TYq098H6LnM',59,'주토피아(Zootopia) - 넌 그들과 달라'),(17,'vLzcAbTeTaI',60,'주토피아(Zootopia) - 제 친구라구요!'),(18,'1Xr450wQt6w',60,'주토피아(Zootopia) - 새 시장님이 부르셔'),(19,'fuPIFAhP9lc',71,'주토피아(Zootopia) - 다시, 집으로'),(20,'84aEbbJ-grU',56,'주토피아(Zootopia) - 기디온 그레이?'),(21,'TnqYg8gDZUs',62,'주토피아(Zootopia) - 처음부터 네가 옳았어'),(22,'OC4FmN-wtHQ',78,'주토피아(Zootopia) - 작전이 뭐야?'),(23,'km2HRooMByI',73,'주토피아(Zootopia) - 성공 못 할 거야!'),(24,'1bzYAtZ4ez8',60,'주토피아(Zootopia) - 밝혀진 진실'),(25,'zzBSjxyOs_0',76,'겨울왕국2(Frozen2) - 가족게임'),(26,'oyTYan24zvs',57,'겨울왕국2(Frozen2) - 엄마의 스카프 (스크립트)'),(27,'hOrMRelIc0k',100,'겨울왕국2(Frozen2) - 왜곡된 진실'),(28,'DKUY0YfCKZY',98,'겨울왕국2(Frozen2) - 처음 만난 날'),(29,'dHsJMTZXHV4',70,'겨울왕국2(Frozen2) - 당신은 아버지를 닮았네요'),(30,'R7OdQaotXGE',45,'겨울왕국2(Frozen2) - 그날의 진실'),(31,'itZGGbMB2NM',56,'겨울왕국2(Frozen2) - 프러포즈 (스크립트)'),(32,'Be88nKTX0FA',63,'겨울왕국2(Frozen2) - 바위거인'),(33,'Arhic1RxyBs',67,'겨울왕국2(Frozen2) - 각자의 역할'),(34,'Kwz2qGQsT_I',76,'겨울왕국2(Frozen2) - 모두 제자리로');
/*!40000 ALTER TABLE `animations` ENABLE KEYS */;
UNLOCK TABLES;

--
-- Table structure for table `drawing_scores`
--

DROP TABLE IF EXISTS `drawing_scores`;
/*!40101 SET @saved_cs_client     = @@character_set_client */;
/*!50503 SET character_set_client = utf8mb4 */;
CREATE TABLE `drawing_scores` (
  `id` bigint NOT NULL AUTO_INCREMENT,
  `created_date` datetime DEFAULT NULL,
  `modified_date` datetime DEFAULT NULL,
  `score` bigint DEFAULT NULL,
  `user_id` varchar(10) NOT NULL,
  PRIMARY KEY (`id`),
  KEY `FKl2yu73hv29c9fpecl8p5p3osv` (`user_id`)
) ENGINE=MyISAM AUTO_INCREMENT=29 DEFAULT CHARSET=utf8mb4 COLLATE=utf8mb4_0900_ai_ci;
/*!40101 SET character_set_client = @saved_cs_client */;

--
-- Dumping data for table `drawing_scores`
--

LOCK TABLES `drawing_scores` WRITE;
/*!40000 ALTER TABLE `drawing_scores` DISABLE KEYS */;
INSERT INTO `drawing_scores` VALUES (1,'2023-04-06 04:51:35','2023-04-06 04:51:35',10,'yongjae2'),(2,'2023-04-06 04:52:56','2023-04-06 04:52:56',0,'yongjae2'),(3,'2023-04-06 04:54:22','2023-04-06 04:54:22',5,'yongjae2'),(4,'2023-04-06 04:55:35','2023-04-06 04:55:35',20,'yongjae2'),(5,'2023-04-06 04:56:53','2023-04-06 04:56:53',15,'yongjae2'),(6,'2023-04-06 05:30:32','2023-04-06 05:30:32',0,'helloworld'),(11,'2023-04-06 08:09:35','2023-04-06 08:09:35',10,'ssafy'),(10,'2023-04-06 07:35:28','2023-04-06 07:35:28',15,'ssafy'),(12,'2023-04-06 11:37:36','2023-04-06 11:37:36',5,'yongjae2'),(13,'2023-04-06 11:43:43','2023-04-06 11:43:43',25,'yongjae3'),(14,'2023-04-06 11:46:11','2023-04-06 11:46:11',20,'yongjae3'),(15,'2023-04-06 12:21:03','2023-04-06 12:21:03',20,'ssafy'),(16,'2023-04-06 12:23:36','2023-04-06 12:23:36',15,'yongjae2'),(17,'2023-04-06 14:24:19','2023-04-06 14:24:19',5,'test1'),(18,'2023-04-06 14:33:46','2023-04-06 14:33:46',20,'ssafy3'),(19,'2023-04-06 15:32:50','2023-04-06 15:32:50',20,'yongjae2'),(20,'2023-04-06 15:47:50','2023-04-06 15:47:50',15,'yongjae2'),(21,'2023-04-06 15:53:18','2023-04-06 15:53:18',0,'test1'),(22,'2023-04-06 16:23:35','2023-04-06 16:23:35',0,'yongjae2'),(23,'2023-04-06 16:23:52','2023-04-06 16:23:52',0,'yongjae2'),(24,'2023-04-06 16:42:44','2023-04-06 16:42:44',5,'yunji9151'),(25,'2023-04-06 23:20:06','2023-04-06 23:20:06',15,'yongjae2'),(26,'2023-04-07 00:11:10','2023-04-07 00:11:10',15,'yongjae2'),(27,'2023-04-07 00:56:03','2023-04-07 00:56:03',10,'ssafy'),(28,'2023-04-07 01:56:23','2023-04-07 01:56:23',15,'suzdev33');
/*!40000 ALTER TABLE `drawing_scores` ENABLE KEYS */;
UNLOCK TABLES;

--
-- Table structure for table `scripts`
--

DROP TABLE IF EXISTS `scripts`;
/*!40101 SET @saved_cs_client     = @@character_set_client */;
/*!50503 SET character_set_client = utf8mb4 */;
CREATE TABLE `scripts` (
  `id` bigint NOT NULL AUTO_INCREMENT,
  `animation_id` bigint NOT NULL,
  `end_time` bigint NOT NULL,
  `eng_sentence` varchar(1000) NOT NULL,
  `ko_sentence` varchar(1000) NOT NULL,
  `last_script` bigint DEFAULT NULL,
  `role` varchar(15) NOT NULL,
  `start_time` bigint NOT NULL,
  PRIMARY KEY (`id`),
  KEY `FKe5qib5mgfay02031o2u2re8ms` (`animation_id`)
) ENGINE=MyISAM AUTO_INCREMENT=182 DEFAULT CHARSET=utf8mb4 COLLATE=utf8mb4_0900_ai_ci;
/*!40101 SET character_set_client = @saved_cs_client */;

--
-- Dumping data for table `scripts`
--

LOCK TABLES `scripts` WRITE;
/*!40000 ALTER TABLE `scripts` DISABLE KEYS */;
INSERT INTO `scripts` VALUES (1,1,8,'Back then, the world was divided in two. Vicious predator or meek prev.','그때 세상은 두 부류로 나뉘었죠. 사악한 포식자와, 온순한 사냥감.',0,'Judy',0),(2,1,17,'But over time, we evolved, and moved beyond our primitive, savage ways.','하지만 우린 진화했고, 더는 원시적이고 야만적이지 않죠.',0,'Judy',9),(3,1,22,'Now, predator and prey live in harmony.','이젠 맹수와 먹잇감이 화목하게 살고,',0,'Judy',17),(4,1,27,'And every young mammal has multitudinous opportunities.','젊은 포유류들은 많은 기회를 갖게 됐어요.',0,'Judy',22),(5,1,30,'Yeah. I don\'t have to cower in a herd anymore.','맞아요. 전 더 이상 겁쟁이처럼 숨어 살 필요가 없죠.',0,'Sharla',27),(6,1,36,'Instead, I can be an astronaut.','전 커서 우주비행사가 될 거예요.',0,'Sharla',31),(7,1,40,'I don\'t have to be a lonely hunter anymore.','전 커서 고독한 사냥꾼이 아닌,',0,'Jaguar',37),(8,1,43,'Today, I can hunt for tax exemptions.','열심히 공부해서',0,'Jaguar',40),(9,1,46,'I\'m gonna be an actuary!','보험 전문가로 꼭 성공할래요!',0,'Jaguar',43),(10,1,50,'And I can make the world a better place.','전 더 좋은 세상을 만들 거예요.',0,'Judy',47),(11,1,56,'I am going to be … a police officer!','저는….경찰이 될거예요!',1,'Judy',51),(13,4,2,'Keep the change.','잔돈은 됐어요.',0,'Judy',0),(14,4,8,'Officer, I can\'t thank you enough. So kind, really. Can I pay you back?','경관님, 정말 고마워요. 참 친절하시네요. 돈은 꼭 갚을게요.',0,'Nick',3),(15,4,10,'Oh, no, my treat. It just…','아뇨, 됐어요 전 그냥..',0,'Judy',8),(16,4,13,'You know, it burns me up to see folk…with such backward attituds toward foxes…','여우에게 편견을 가진 동물들을 보면 화가 나요.',0,'Judy',10),(17,4,19,'I just wanna say you\'re a great dad and just a real articulate fela.','선생님은 정말 좋은 아빠이자..아주 멋진 남자세요.',0,'Judy',14),(18,4,21,'Oh, well that is high praise.','과찬이세요.',0,'Nick',19),(19,4,24,'It\'s rare that I find someone so non-patronizing.','요즘 보기 드문 분이시네요. 성함이..?',0,'Nick',22),(22,4,30,'And you, little guy…','그리고 우리 꼬마친구,, ',0,'Judy',29),(23,4,34,'You want to be an elephant when you grow up? You\'d be an elephant. ','커서 코끼리가 되고 싶어? 그렇다면 넌 코끼리가 될 수 있어.',0,'Judy',31),(24,4,39,'Because this is Zootopia. Anyone can be anything.','왜냐하면 여기 주토피아에선 누구나 뭐든지 될 수 있으니까.',0,'Judy',35),(25,4,43,'Oh, boy. I tell him that all the time','저도 늘 그렇게 말해줘요.',0,'Nick',40),(26,4,45,'All right, here you go. Two paws, Yeah.','자, 두 발로 받으렴, 그렇지.',0,'Nick',43),(27,4,48,'Oh, look at that smile. That\'s a \'happy birthday\' smile.','웃는 것 좀 보세요. 행복한 생일이 됐네요.',0,'Nick',45),(28,4,53,'All right, give her a little bye-bye toot-toot.','경찰관님께 \"뛰뛰\"\" 인사 해야지\"',1,'Nick',49),(29,13,7,'Mr. Manchas? Judy Hopps, ZPD','만차스씨? 주디 홉스 경관입니다.',0,'Judy',0),(30,13,10,'We just wanna know what happened to Emmitt Otterton.','에밋 오터톤에 대해 물어볼게 있어요.',0,'Judy',7),(31,13,20,'You..should be asking…what happened to me.','내가..왜 이렇게 됐는지..그걸 물어봐야지.',0,'Manchas',15),(32,13,25,'Whoa! Uh, a teensy otter did that?','헉! 그 작은 수달이 그런 거예요?',0,'Nick',20),(33,13,26,'What happened?','어떻게 된 거죠?',0,'Judy',25),(34,13,28,'He was an animal','녀석은 완전 짐승이었어',0,'Manchas',26),(35,13,33,'Down... on all fours.','미친듯이..난동을 부렸지.',0,'Manchas',30),(36,13,37,'He was a savage!','야수 그 자체였다고!',0,'Manchas',36),(37,13,50,'There was no warning.','그러고는 갑자기',0,'Manchas',48),(38,13,53,'He just kept yelling about the Night Howlers.','\"밤의 울음꾼\"\"에 대해 외쳐댔어\"',0,'Manchas',50),(39,13,56,'Over and over. The Night Howlers.','끊임없이 계속해서.',0,'Manchas',53),(40,13,61,'So, you know about the Night Howlers, too? Good. Good good.','그래서..밤의 울음꾼에 대해 아신다는 거군요? 좋습니다. 아주 좋아요.',0,'Nick',56),(41,13,66,'Because the Night Howlers.. Are exactly what we are here to talk about. Right?','왜냐하면 사실 그것때문에 찾아왔거든요. 그렇죠?',0,'Nick',61),(42,13,71,'Yep. So, up, so you just open the door.. And tell us what you know','맞아요. 그러니까 문 열고 아는대로 말씀해 주시면',0,'Judy',67),(43,13,75,'and we will tell you what we know. Okay?','저희도 아는 걸 말해드릴게요. 어때요?',1,'Judy',72),(44,2,2,'You don\'t scare me, Gideon.','난 너 하나도 안무서워, 기디온',0,'Judy',0),(45,2,4,'You scared now?','이제 무섭냐?',0,'Gideon',3),(46,2,7,'Look at her nose twitch. She is scared.','코 떨리는 것 봐, 완전 쫄았네',0,'Travis',5),(47,2,9,'Cry little baby bunny.','울어봐, 꼬마 토끼',0,'Gideon',7),(48,2,16,'Oh, you don\'t know when to quit, do you?','그만둘 줄을 모르는구나, 그럼 내가 알려주지.',0,'Gideon',13),(49,2,25,'I want you to remember this moment.','니가 이순간을 잊지 않길 바래',0,'Gideon',22),(50,2,31,'the next time you think…you will ever be anything more than just a stupid carrot-farming, dumb bunny.','다음부터는.. 니가 할 수 있는건 홍당무나 키우는 것 뿐이라는걸 명심해야 될 거야.',0,'Gideon',25),(51,2,37,'That looks bad.','아프겠다..',0,'Sheep1',36),(52,2,39,'Are you okay, Judy?','괜찮아 주디?',0,'Sheep2',37),(53,2,40,'Yeah. Yeah, I\'m okay.','응..난 괜찮아.',0,'Judy',39),(54,2,42,'Here you go.','자, 여기 받아.',0,'Judy',41),(55,2,45,'Wow! You got our tickets!','우와! 우리 표잖아!',0,'Sheep2',43),(56,2,47,'You\'re awesome, Judy!','너 정말 멋지다, 주디!',0,'Sheep1',45),(57,2,50,'Yeah, that Gideon Grey doesn\'t know what he\'s talking about.','그 기디온 녀석은 아무것도 몰라.',0,'Sheep2',47),(58,2,52,'Well, he was right about one thing.','그래도 걔 말중에 한 개는 맞았어.',0,'Judy',50),(59,2,57,'I don\'t know when to quit.','난 절대 그만두지 않아.',1,'Judy',54),(60,31,2,'Am I supposed to feel this ridiculous?','지금 황당한게 정상인 거죠?',0,'Kristoff',0),(61,31,4,'OH, yeah. Definitely.','그럼요, 당연하죠',0,'Ryder',3),(62,31,6,'Everyone ready?','다 준비됐지?',0,'Ryder',5),(63,31,12,'Wait. You talk for them, too?','잠깐, 당신도 순록이랑 대화해요?',0,'Kristoff',10),(64,31,13,'I do.','네',0,'Ryder',12),(65,31,14,'It\'s like you can actually hear what they\'re thinking.','걔들 생각이 들리는 것 같고?',0,'Kristoff',13),(66,31,17,'Yeah. And then you just say it.','네, 그리고 그게 말로 막 나와요.',0,'Ryder',15),(67,31,19,'And then you just say it.','말로 막 나오고요.',0,'Kristoff',17),(68,31,22,'Okay. Here she comes.','좋아, 그녀가 와요!',0,'Ryder',21),(69,31,27,'Princess Anna of Arendelle…','아렌델의 안나 공주님',0,'Kristoff',25),(70,31,31,'my feisty, fearless, ginger-sweet love.','당돌하고 용감한 빨강 머리 내 사랑',0,'Kristoff',27),(71,31,34,'Will you marry me?','저와 결혼해 주시겠어요?',0,'Kristoff',32),(72,31,40,'Um…no. The princess left with the queen.','음..아뇨. 공주님은 여왕님과 떠나셨습니다.',0,'Yelena',35),(73,31,41,'What? Wait, what? What?','네? 잠깐만, 뭐라고요?',0,'Kristoff',40),(74,31,45,'I wouldn\'t try to follow. Thery\'re long gone.','따라가긴 늦었어요. 떠난 지 꽤 됐거든요.',0,'Yelena',42),(75,31,46,'Long gone?','꽤 됐다고요?',0,'Kristoff',45),(76,31,53,'So yeah. Um, we\'re heading west to the Lichen Meadows.','네 그래요. 우린 서쪽, 라이칸 초원으로 갈 겁니다.',0,'Yelena',47),(77,31,54,'You can come with us if you want.','원한다면 같이 가시죠.',1,'Yelena',53),(78,26,2,'Come in.','들어와',0,'Elsa',0),(79,26,5,'Yep. Something\'s wrong.','그래. 문제가 있네.',0,'Anna',4),(80,26,6,'With you?','너한테?',0,'Elsa',5),(81,26,9,'No, with you. You\'re wearing Mother\'s scarf.','아니, 언니한테. 엄마 스카프를 두르고 있잖아.',0,'Anna',7),(82,26,11,'You do that when something\'s wrong.','뭔가 안 좋을 때 이러잖아.',0,'Anna',10),(83,26,13,'Did we hurt your feelings?','혹시 우리가 기분 상하게 했어?',0,'Anna',12),(84,26,15,'I\'m so sorry if we did.','그랬다면 미안해.',0,'Anna',14),(85,26,17,'You know, very few people are actually good at family games.','언니 말고도 가족 게임 못하는 사람 있어.',0,'Anna',15),(86,26,19,'That\'s just a fact.','정말로.',0,'Anna',18),(87,26,20,'No, that\'s not it.','아냐, 그런 거 아냐.',0,'Elsa',19),(88,26,22,'Then, what is it?','그럼 무슨일인데?',0,'Anna',21),(89,26,32,'I just don\'t wanna mess things up.','그냥.. 망치고 싶지 않아서 그래',0,'Elsa',30),(90,26,35,'What\'s things? You\'re doing great.','뭘 망쳐? 언니는 잘하고 있어.',0,'Anna',33),(91,26,40,'Oh, Elsa, when are you going to see yourslf the way I see you?','언니, 난 언니를 아는데 언니는 왜 스스로를 몰라?',0,'Anna',36),(92,26,44,'What would I do without you?','네가 없으면 어쩌지?',0,'Elsa',43),(93,26,46,'You\'ll always have me.','난 늘 곁에 있을 거야.',0,'Anna',45),(94,26,51,'I know what you need. Come on, come here.','이럴때 필요한게 뭔지 알지. 이리와 얼른!',0,'Anna',49),(95,26,55,'In Mama\'s words, \'cuddle close, scooch in.\'','엄마처럼 말하자면, \'이리로 와 누우렴.\'',1,'Anna',51),(96,3,0,'a','가',0,'Bonnie',0),(97,3,0,'a','가',0,'Stu',0),(98,3,0,'a','가',0,'Judy',0),(99,5,0,'a','가',0,'Judy',0),(100,5,0,'a','가',0,'Nick',0),(161,6,0,'a','가',0,'Benjamin',0),(102,6,0,'a','가',0,'Mrs. Otterton',0),(103,6,0,'a','가',0,'Bogo',0),(163,7,0,'a','가',0,'Benjamin',0),(165,9,0,'a','가',0,'Judy',0),(106,7,0,'a','가',0,'Mrs. Otterton',0),(107,7,0,'a','가',0,'Bogo',0),(164,7,0,'a','가',0,'Benjamin',0),(110,10,0,'a','가',0,'Judy',0),(111,10,0,'a','가',0,'Nick',0),(112,11,0,'a','가',0,'Judy',0),(113,11,0,'a','가',0,'Nick',0),(114,12,0,'a','가',0,'Judy',0),(181,34,0,'a','가',0,'Elsa',0),(117,14,0,'a','가',0,'Judy',0),(180,33,0,'a','가',0,'Elsa',0),(119,16,0,'a','가',0,'Judy',0),(120,17,0,'a','가',0,'Judy',0),(179,32,0,'a','가',0,'Elsa',0),(178,30,0,'a','가',0,'Elsa',0),(123,20,0,'a','가',0,'Judy',0),(177,29,0,'a','가',0,'Elsa',0),(176,28,0,'a','가',0,'Elsa',0),(126,23,0,'a','가',0,'Judy',0),(175,27,0,'a','가',0,'Elsa',0),(174,25,0,'a','가',0,'Elsa',0),(173,24,0,'a','가',0,'Nick',0),(171,22,0,'a','가',0,'Judy',0),(170,21,0,'a','가',0,'Judy',0),(169,19,0,'a','가',0,'Judy',0),(168,18,0,'a','가',0,'Judy',0),(167,15,0,'a','가',0,'Judy',0),(166,12,0,'a','가',0,'Nick',0),(137,14,0,'a','가',0,'Nick',0),(138,15,0,'a','가',0,'Nick',0),(139,16,0,'a','가',0,'Nick',0),(140,17,0,'a','가',0,'Nick',0),(141,18,0,'a','가',0,'Nick',0),(142,19,0,'a','가',0,'Nick',0),(143,20,0,'a','가',0,'Nick',0),(144,21,0,'a','가',0,'Nick',0),(145,22,0,'a','가',0,'Nick',0),(146,23,0,'a','가',0,'Nick',0),(172,24,0,'a','가',0,'Judy',0),(148,25,0,'a','가',0,'Anna',0),(149,27,0,'a','가',0,'Anna',0),(150,28,0,'a','가',0,'Anna',0),(151,29,0,'a','가',0,'Anna',0),(152,30,0,'a','가',0,'Anna',0),(154,32,0,'a','가',0,'Anna',0),(155,33,0,'a','가',0,'Anna',0),(156,34,0,'a','가',0,'Anna',0),(157,8,0,'a','가',0,'Judy',0),(158,8,0,'a','가',0,'Nick',0),(159,9,0,'a','가',0,'Nick',0),(160,9,0,'a','가',0,'Judy',0),(162,6,0,'a','가',0,'Judy',0);
/*!40000 ALTER TABLE `scripts` ENABLE KEYS */;
UNLOCK TABLES;

--
-- Table structure for table `sentences`
--

DROP TABLE IF EXISTS `sentences`;
/*!40101 SET @saved_cs_client     = @@character_set_client */;
/*!50503 SET character_set_client = utf8mb4 */;
CREATE TABLE `sentences` (
  `id` bigint NOT NULL AUTO_INCREMENT,
  `eng_sentence` varchar(255) DEFAULT NULL,
  `ko_sentence` varchar(255) DEFAULT NULL,
  `word_id` bigint DEFAULT NULL,
  PRIMARY KEY (`id`),
  KEY `FKae8963cfwc4klkjew83n6jty5` (`word_id`)
) ENGINE=MyISAM AUTO_INCREMENT=1967 DEFAULT CHARSET=utf8mb4 COLLATE=utf8mb4_0900_ai_ci;
/*!40101 SET character_set_client = @saved_cs_client */;

--
-- Dumping data for table `sentences`
--

LOCK TABLES `sentences` WRITE;
/*!40000 ALTER TABLE `sentences` DISABLE KEYS */;
INSERT INTO `sentences` VALUES (1,'The horse is a beautiful animal with four legs and a long tail.','말은 네 개의 다리와 긴 꼬리를 가진 아름다운 동물입니다.',1),(2,'I love to watch the horse run in the field.','나는 들판에서 말이 달리는 것을 보는 것을 좋아한다.',1),(3,'The farmer takes care of the horses and feeds them hay.','농부는 말들을 돌보고 건초를 먹인다.',1),(4,'We found a mushroom in the forest. ','우리는 숲에서 버섯을 발견했다.',2),(5,'Some mushrooms are poisonous and we should never touch or eat them. ','어떤 버섯들은 독성이 있어서 우리는 절대로 그것들을 만지거나 먹어서는 안 된다.',2),(6,'Mushrooms come in different shapes and sizes. ','버섯은 다양한 모양과 크기로 나옵니다.',2),(7,'Did you know that mushrooms are fungi and not plants? ','여러분은 버섯이 식물이 아니라 균류라는 것을 알고 있었나요?',2),(8,'Mushrooms are a delicious ingredient in many recipes. ','버섯은 많은 요리법에서 맛있는 재료입니다.',2),(9,'Fairies are sometimes said to live in mushrooms in fairy tales. ','요정들은 때때로 동화에서 버섯에 산다고 한다.',2),(10,'Mushrooms can grow in different colors like red, brown, and white. ','버섯은 빨간색, 갈색, 그리고 흰색과 같은 다른 색으로 자랄 수 있습니다.',2),(11,'My eye helps me see people and things around me.','내 눈은 내 주변의 사람들과 사물들을 볼 수 있도록 도와줍니다.',3),(12,'I need to use my eye to read my favorite book.','나는 내가 가장 좋아하는 책을 읽기 위해 눈을 사용해야 한다.',3),(13,'The color of my eye is brown.','내 눈 색깔은 갈색이다.',3),(14,'I can blink my eye to keep it clean.','나는 눈을 깜박거려 깨끗하게 유지할 수 있다.',3),(15,'My mom says I have beautiful eyes.','우리 엄마는 내가 눈이 예쁘다고 말씀하셔.',3),(16,'My eye gets tired when I watch TV for too long.','TV를 너무 오래 보면 눈이 피로해져요.',3),(17,'I need to protect my eye by wearing sunglasses on a sunny day.','나는 맑은 날에 선글라스를 써서 눈을 보호해야 해.',3),(18,'My eye sees different things during the day and at night.','내 눈은 낮과 밤에 다른 것들을 본다.',3),(19,'I can make funny faces by moving my eye up and down.','나는 눈을 위아래로 움직여서 재미있는 표정을 지을 수 있어.',3),(20,'When I close my eye, I can imagine amazing things in my mind.','내가 눈을 감았을 때, 나는 내 마음속에 놀라운 것들을 상상할 수 있다.',3),(21,'I love eating peanut butter and jelly sandwiches for lunch.','나는 점심으로 땅콩버터와 젤리 샌드위치를 먹는 것을 좋아한다.',4),(22,'Peanuts are a type of nut that grows in the ground.','땅콩은 땅에서 자라는 견과류의 일종이다.',4),(23,'My favorite snack at school is a handful of peanuts.','내가 학교에서 가장 좋아하는 간식은 땅콩 한 줌이다.',4),(24,'Did you know that peanuts can be made into oil for cooking?','땅콩이 요리를 위해 기름으로 만들어질 수 있다는 것을 알고 있었나요?',4),(25,'Peanuts are a popular ingredient in many candy bars, like Snickers and PayDay.','땅콩은 스니커즈나 페이데이와 같은 많은 캔디 바에서 인기 있는 재료입니다.',4),(26,'Squirrels like to eat peanuts too.','다람쥐들도 땅콩 먹는 것을 좋아한다.',4),(27,'We can make homemade bird feeders using peanut butter and seeds.','우리는 땅콩버터와 씨앗을 이용하여 집에서 만든 새 모이통을 만들 수 있습니다.',4),(28,'Roasted peanuts are a yummy treat to have while watching a movie.','구운 땅콩은 영화를 보면서 먹으면 맛있는 음식이다.',4),(29,'Peanuts come in different colors- some are tan, while others are dark brown.','땅콩은 다양한 색을 가지고 있다 - 어떤 것은 황갈색인 반면, 다른 것들은 짙은 갈색이다.',4),(30,'Peanut allergies are serious, and some people cannot eat anything that contains peanuts.','땅콩 알레르기는 심각하고, 어떤 사람들은 땅콩이 포함된 어떤 것도 먹을 수 없습니다.',4),(31,'Look up in the sky and see the beautiful rainbow!','하늘을 올려다보고 아름다운 무지개를 보세요!',5),(32,'The rainbow has so many colors - red, orange, yellow, green, blue, and purple!','무지개는 빨간색, 오렌지색, 노란색, 초록색, 파란색, 그리고 보라색 등 많은 색을 가지고 있습니다!',5),(33,'I love to draw rainbows with all the pretty colors.','나는 무지개를 예쁜 색으로 그리는 것을 좋아해.',5),(34,'After the rain, we can sometimes see a rainbow.','비가 온 후에, 우리는 때때로 무지개를 볼 수 있다.',5),(35,'The rainbow is like a big smile in the sky.','무지개는 하늘에서 활짝 웃는 것과 같다.',5),(36,'The little bird has a soft, blue feather on its head.','그 작은 새는 머리에 부드럽고 파란 깃털을 가지고 있습니다.',6),(37,'The peacock has beautiful feathers with lots of pretty colors.','공작새는 많은 예쁜 색을 가진 아름다운 깃털을 가지고 있습니다.',6),(38,'The feather fell to the ground when the bird flew away.','새가 날아갔을 때 깃털이 땅에 떨어졌다.',6),(39,'The colorful feather made a perfect decoration for the hat.','화려한 깃털이 모자에 완벽한 장식이 되었다.',6),(40,'The fluffy feather felt ticklish when I touched it. ','솜털 같은 깃털을 만져보니 간지러운 느낌이 들었다.',6),(41,'I found a feather in my backyard and showed it to my friends.','나는 뒤뜰에서 깃털을 발견하고 친구들에게 보여주었다.',6),(42,'The feather boa made me feel like a queen!','그 깃털 보아는 나를 여왕처럼 느끼게 해줬어!',6),(43,'The feather duster helped me clean the house.','깃털 먼지떨이는 내가 집을 청소하는 것을 도와주었다.',6),(44,'When the wind blew, the feather floated away.','바람이 불자 깃털이 떠내려갔다.',6),(45,'I drew a picture of a big bird with lots of feathers on its wings.','나는 날개에 깃털이 많은 큰 새를 그렸다.',6),(46,'The tree has green leaves that rustle in the wind.','그 나무는 바람에 바스락거리는 녹색 잎을 가지고 있다.',8),(47,'The caterpillar ate all of the leaves on the plant.','애벌레는 식물의 잎을 모두 먹어 치웠다.',8),(48,'We picked up colorful leaves on our autumn nature walk.','우리는 가을 자연 산책길에서 알록달록한 나뭇잎들을 주웠다.',8),(49,'The leaf fell from the tree and landed on the ground.','나뭇잎이 나무에서 떨어져 땅에 떨어졌다.',8),(50,'We made leaf rubbings with crayons and paper.','우리는 크레용과 종이로 나뭇잎 고무를 만들었다.',8),(51,'The squirrel stored acorns and leaves for the winter.','다람쥐는 겨울을 나기 위해 도토리와 나뭇잎을 저장했습니다.',8),(52,'The leaf was soft and smooth to the touch.','그 잎은 부드럽고 매끄러웠다.',8),(53,'We jumped in a big pile of leaves and had lots of fun.','우리는 큰 나뭇잎 더미 속으로 뛰어들어 아주 재미있게 놀았어.',8),(54,'The maple leaf is a symbol of Canada.','단풍잎은 캐나다의 상징이다.',8),(55,'The butterfly landed on a leaf and spread its wings.','나비는 나뭇잎 위에 내려앉아 날개를 폈다.',8),(56,'I love playing on the see saw with my friends at the park.','나는 공원에서 친구들과 시소를 타는 것을 좋아한다.',9),(57,'The firefighter climbed the ladder to rescue the kitten from the tree.','소방관은 나무에서 아기 고양이를 구하기 위해 사다리를 올라갔다.',10),(58,'The boy climbed up the ladder to reach the top of the slide.','소년은 사다리를 타고 올라가 미끄럼틀 꼭대기에 올랐다.',10),(59,'We used a ladder to hang up the decorations for the party.','우리는 사다리로 파티 장식을 달았다.',10),(60,'The cat climbed the ladder to get to the top of the bookshelf.','고양이는 책꽂이 꼭대기에 가기 위해 사다리를 올라갔다.',10),(61,'The construction workers used a ladder to build the new house.','건설 노동자들은 새 집을 짓기 위해 사다리를 사용했다.',10),(62,'The treehouse was built with a ladder for easy access.','그 나무집은 쉽게 접근할 수 있도록 사다리로 지어졌다.',10),(63,'The little girl pretended that the ladder was a bridge over a river.','어린 소녀는 그 사다리가 강 위에 놓인 다리인 것처럼 가장했다.',10),(64,'The gardener used a ladder to pick apples from the top of the tree.','정원사는 사다리를 이용하여 나무 꼭대기에서 사과를 땄다.',10),(65,'The handyman fixed the light fixture using a ladder.','잡역부는 사다리를 이용해 조명기구를 고쳤다.',10),(66,'The children played a game of ladder tag on the playground.','아이들은 운동장에서 사다리 타기 게임을 했다.',10),(67,'The lion is the king of the jungle.','사자는 정글의 왕이다.',11),(68,'The lion has a mane around his head.','사자는 머리에 갈기가 있다.',11),(69,'Lions are big and strong animals.','사자는 크고 강한 동물이다.',11),(70,'The lion can run very fast.','사자는 매우 빨리 달릴 수 있다.',11),(71,'The lion likes to roar loudly.','사자는 큰 소리로 포효하는 것을 좋아한다.',11),(72,'The lion hunts for food like zebras and gazelles.','사자는 얼룩말과 가젤 같은 먹이를 사냥한다.',11),(73,'The lioness is the female lion.','암사자는 암사자이다.',11),(74,'My mom cooked some string beans for dinner tonight.','우리 엄마는 오늘 저녁으로 끈콩을 요리하셨다.',12),(75,'I love the sound of snapping the ends off of string beans.','나는 끈콩의 끝을 잘라내는 소리를 좋아한다.',12),(76,'String beans fill up my plate with deliciousness.','내 접시에 실콩이 맛있어요.',12),(77,'The little seeds inside the string beans make them extra crunchy.','실콩 안에 있는 작은 씨앗들은 그것들을 더 바삭하게 만듭니다.',12),(78,'String beans are green and long, just like vines.','실콩은 덩굴처럼 푸르고 길다.',12),(79,'I put all my toys in the basket to keep my room tidy.','나는 내 방을 깨끗하게 하기 위해 모든 장난감을 바구니에 넣었다.',13),(80,'The Easter bunny left a basket full of eggs for us to find.','부활절 토끼는 우리가 찾을 수 있도록 계란이 가득 든 바구니를 남겨두었다.',13),(81,'We used a basket to collect leaves for our art project.','우리는 예술 프로젝트를 위해 나뭇잎을 모으기 위해 바구니를 사용했다.',13),(82,'Can you help me carry the basket of apples we picked from the orchard?','우리가 과수원에서 딴 사과 바구니 옮기는 것 좀 도와줄래?',13),(83,'I love playing basketball with my friends in the schoolyard.','나는 학교 운동장에서 친구들과 농구하는 것을 좋아한다.',13),(84,'My mom packed my lunch in a cute basket for my picnic at the park.','엄마는 공원에서 소풍을 가기 위해 귀여운 바구니에 도시락을 싸주셨다.',13),(85,'The Mona Lisa is a painting of a lady with a mysterious smile.','모나리자는 신비한 미소를 가진 한 여성의 그림이다.',14),(86,'Many people visit the museum to see the famous painting, The Mona Lisa.','많은 사람들이 유명한 그림인 모나리자를 보기 위해 박물관을 방문합니다.',14),(87,'Some say that The Mona Lisa is the most famous painting in the world!','어떤 사람들은 모나리자가 세계에서 가장 유명한 그림이라고 말합니다!',14),(88,'The painter who made The Mona Lisa was named Leonardo da Vinci.','모나리자를 만든 화가의 이름은 레오나르도 다빈치이다.',14),(89,'The Mona Lisa has very beautiful colors and is very old.','모나리자는 매우 아름다운 색을 가지고 있고 매우 오래되었다.',14),(90,'We can learn a lot about art and history by looking at The Mona Lisa.','우리는 모나리자를 봄으로써 예술과 역사에 대해 많은 것을 배울 수 있습니다.',14),(91,'A submarine is a special underwater vehicle that humans can travel in.','잠수함은 인간이 여행할 수 있는 특별한 수중 비행체이다.',15),(92,'Submarines can go really deep under the water to explore the ocean.','잠수함은 바다를 탐험하기 위해 물속 깊이 들어갈 수 있다.',15),(93,'Some submarines are used by scientists to study sea creatures and underwater plants.','몇몇 잠수함들은 과학자들이 바다 생물과 수중 식물을 연구하는 데 사용된다.',15),(94,'Submarines have special windows called portholes to let people see outside when they are underwater.','잠수함에는 사람들이 물속에 있을 때 밖을 볼 수 있도록 포트홀이라고 불리는 특별한 창문이 있습니다.',15),(95,'Submarines use sonar to help them navigate and locate things in the water.','잠수함은 수중의 물체들을 탐색하고 위치를 찾는 것을 돕기 위해 수중 음파 탐지기를 사용한다.',15),(96,'Did you know that some submarines can stay underwater for months at a time?','여러분은 어떤 잠수함들이 한 번에 몇 달 동안 물 속에 머무를 수 있다는 것을 알고 있었나요?',15),(97,'If you ever get to visit an aquarium, you might see a model of a submarine on display.','만약 여러분이 수족관을 방문하게 된다면, 여러분은 전시되어 있는 잠수함의 모형을 볼 수 있을지도 모릅니다.',15),(98,'Submarines are different from boats because they can go underwater, while boats stay on top of the water.','잠수함은 물속으로 들어갈 수 있기 때문에 보트와 다르다. 반면에 보트는 물 위에 머문다.',15),(99,'The doctor used stitches to close the cut. ','의사는 상처를 봉합하기 위해 실밥을 사용했다.',16),(100,'My grandma taught me how to sew stitches. ','할머니는 나에게 바느질을 가르쳐 주셨다.',16),(101,'I have a teddy bear with stitches on his nose. ','나는 그의 코를 꿰맨 곰인형을 가지고 있다.',16),(102,'The tailor put stitches in my new dress. ','재단사가 내 새 옷을 꿰맸다.',16),(103,'The embroidery has many colorful stitches. ','그 자수는 화려한 실밥이 많다.',16),(104,'The nurse removed the stitches from my wound. ','간호사가 내 상처의 실밥을 제거했다.',16),(105,'The knitting project requires many stitches. ','뜨개질 프로젝트는 많은 바느질을 필요로 한다.',16),(106,'The football player needed stitches on his chin. ','그 축구 선수는 턱을 꿰매야 했다.',16),(107,'Look, there is a big fluffy white cloud in the sky! ','보세요, 하늘에 크고 보송보송한 흰 구름이 있어요!',17),(108,'The cloud looks like a bunny, can you see it? ','구름이 토끼처럼 생겼는데, 보이니?',17),(109,'Rain comes from the clouds and makes the plants grow. ','비는 구름으로부터 오고 식물들을 자라게 한다.',17),(110,'The birds like to fly through the clouds and play hide and seek. ','그 새들은 구름 사이를 날아다니며 숨바꼭질을 하는 것을 좋아한다.',17),(111,'Sometimes the clouds look like cotton candy in the sky. ','때때로 구름은 하늘의 솜사탕처럼 보인다.',17),(112,'We can lay on the ground and watch the clouds float by. ','우리는 땅에 누워서 구름이 지나가는 것을 볼 수 있다.',17),(113,'The skull is the part of our body that protects our brain.','두개골은 우리의 뇌를 보호하는 우리 몸의 일부입니다.',18),(114,'Halloween decorations often feature skulls and crossbones.','할로윈 장식은 종종 두개골과 십자가 뼈를 특징으로 한다.',18),(115,'Some animals, like snakes, have skulls that are shaped differently than ours.','뱀과 같은 몇몇 동물들은 우리와 다른 모양의 두개골을 가지고 있다.',18),(116,'When you look at a skull, you can see where the eyes, nose, and mouth used to be.','여러분이 두개골을 볼 때, 여러분은 눈, 코, 그리고 입이 어디에 있었는지 볼 수 있습니다.',18),(117,'Scientists can learn a lot about the past by examining ancient skulls.','과학자들은 고대의 두개골을 조사함으로써 과거에 대해 많은 것을 배울 수 있습니다.',18),(118,'The panda is black and white.','판다는 검은색과 흰색이다.',19),(119,'I saw a panda at the zoo.','나는 동물원에서 판다를 보았다.',19),(120,'Pandas like to eat bamboo.','팬더는 대나무 먹는 것을 좋아한다.',19),(121,'The panda is very cute and cuddly.','판다는 매우 귀엽고 껴안고 싶어요.',19),(122,'A baby panda is called a cub.','아기 판다는 cub이라고 불립니다.',19),(123,'Mommy panda takes good care of her cub.','엄마 판다는 아기를 잘 돌본다.',19),(124,'Pandas are endangered animals and need our help.','판다는 멸종 위기에 처한 동물이고 우리의 도움이 필요합니다.',19),(125,'The big yellow house has a red door.','그 크고 노란 집은 빨간 문을 가지고 있다.',20),(126,'My favorite part of the house is my cozy bed.','집에서 내가 가장 좋아하는 부분은 아늑한 침대이다.',20),(127,'The house has a garden full of colorful flowers.','그 집에는 알록달록한 꽃들로 가득한 정원이 있다.',20),(128,'We love to play hide and seek in our house.','우리는 집에서 숨바꼭질하는 것을 좋아한다.',20),(129,'The scary scorpion has eight legs.','이 무서운 전갈은 다리가 8개입니다.',21),(130,'I saw a scorpion at the zoo yesterday.','나는 어제 동물원에서 전갈을 보았다.',21),(131,'The scorpion has a big stinger on its tail.','전갈의 꼬리에는 커다란 침이 있다.',21),(132,'Scorpions live in hot and dry places.','전갈은 덥고 건조한 곳에서 삽니다.',21),(133,'We should stay away from scorpions because they can sting us.','전갈은 우리를 쏘일 수 있기 때문에 우리는 전갈을 멀리해야 합니다.',21),(134,'The scorpion is a small animal that is sometimes found in the desert.','전갈은 때때로 사막에서 발견되는 작은 동물이다.',21),(135,'I learned about scorpions in my science class today.','나는 오늘 과학 시간에 전갈에 대해 배웠어.',21),(136,'Scorpions come in different colors and sizes.','전갈은 다양한 색깔과 크기를 가지고 있습니다.',21),(137,'The scorpion is one of the animals that live in the wild.','전갈은 야생에서 사는 동물 중 하나이다.',21),(138,'The scorpion is a fascinating creature with unique abilities.','전갈은 독특한 능력을 가진 매혹적인 생물입니다.',21),(139,'I stubbed my toe on the table. ','나는 책상에 발가락을 부딪쳤다.',23),(140,'I painted my toenails pink. ','나는 발톱을 분홍색으로 칠했다.',23),(141,'If you wiggle your toes, it tickles! ','발가락을 움직이면 간지럽습니다!',23),(142,'Can you count how many toes you have? ','발가락이 몇 개인지 셀 수 있나요?',23),(143,'My sock has a hole in the toe. ','내 양말은 발가락에 구멍이 났다.',23),(144,'I love wearing sandals to show off my toes. ','나는 발가락을 자랑하기 위해 샌들을 신는 것을 좋아한다.',23),(145,'The grass feels ticklish on my bare toes. ','맨발의 발가락에 풀잎이 간지럽다.',23),(146,'Sometimes we use our toes to pick things up. ','때때로 우리는 물건을 집기 위해 발가락을 사용합니다.',23),(147,'I wear socks to keep my toes warm in the winter.','나는 겨울에 발가락을 따뜻하게 하기 위해 양말을 신는다.',23),(148,'The floor lamp helps light up our classroom.','바닥 램프는 우리 교실을 밝히는 것을 도와준다.',25),(149,'The floor lamp stands tall in the corner of the room.','방 한구석에 바닥 램프가 우뚝 서 있다.',25),(150,'We use the floor lamp to read stories together.','우리는 함께 이야기를 읽기 위해 바닥 램프를 사용합니다.',25),(151,'The floor lamp has a switch to turn it on and off.','플로어 램프에는 스위치가 있어 켜거나 끌 수가 있습니다.',25),(152,'When it gets dark outside, we turn on the floor lamp to see better.','밖이 어두워지면, 우리는 더 잘 보기 위해 바닥 램프를 켭니다.',25),(153,'The floor lamp is like a friend that helps us see everything clearly.','플로어 램프는 우리가 모든 것을 명확하게 볼 수 있도록 도와주는 친구와 같습니다.',25),(154,'Our teacher uses the floor lamp to create a cozy atmosphere during nap time.','우리 선생님은 낮잠 시간에 플로어 램프를 사용하여 아늑한 분위기를 만들어 내신다.',25),(155,'We learned that we should not touch the hot bulb in the floor lamp.','우리는 플로어 램프의 뜨거운 전구를 만지지 말아야 한다는 것을 배웠다.',25),(156,'The rabbit is a furry animal that hops around.','토끼는 털이 많은 동물로 깡충깡충 뛰어다닌다.',26),(157,'I saw a cute little rabbit in the park this morning.','나는 오늘 아침 공원에서 작고 귀여운 토끼를 보았다.',26),(158,'The Easter bunny is a special kind of rabbit that brings candies and treats.','부활절 토끼는 사탕과 간식을 가져오는 특별한 종류의 토끼입니다.',26),(159,'Did you know that rabbits like to eat carrots?','토끼가 당근 먹는 것을 좋아한다는 것을 알고 있었나요?',26),(160,'The children ran towards the swing set, eager to play.','아이들은 놀고 싶어 그네를 향해 달려갔다.',29),(161,'The kindergarten class took turns on the swing set.','유치원 학급이 교대로 그네 세트를 탔다.',29),(162,'The teacher pushed the children gently on the swing set.','선생님은 아이들을 그네 세트 위에 부드럽게 밀었다.',29),(163,'The kids giggled as they swung higher and higher on the swing set.','아이들은 스윙 세트에서 점점 더 높이 흔들리면서 낄낄거렸다.',29),(164,'The swing set was a popular spot during recess.','스윙 세트는 쉬는 시간에 인기 있는 장소였다.',29),(165,'The children took turns counting how high they could swing on the swing set.','아이들은 교대로 스윙 세트에서 얼마나 높이 스윙할 수 있는지 세어 보았다.',29),(166,'The kindergarten class learned about sharing as they played on the swing set together.','유치원 학급은 그네 세트장에서 함께 놀면서 나눔에 대해 배웠다.',29),(167,'The swing set was surrounded by bright, colorful flowers.','그네 세트장은 밝고 화려한 꽃들로 둘러싸여 있었다.',29),(168,'The children practiced their balance while swinging on the swing set.','아이들은 그네를 타면서 몸의 균형을 잡는 연습을 했다.',29),(169,'The kindergarten class loved playing make-believe games on the swing set.','유치원 학급은 그네 세트장에서 가짜 게임을 하는 것을 좋아했다.',29),(170,'I have a red shoe that matches my dress.','나는 내 드레스와 어울리는 빨간 신발을 가지고 있다.',30),(171,'My shoe lace is untied, can you help me tie it?','제 신발 끈이 풀렸는데 묶는 것 좀 도와주시겠어요?',30),(172,'I like my blue shoe more than my green one.','나는 내 녹색 신발보다 내 파란색 신발을 더 좋아한다.',30),(173,'I left my shoe outside and it got muddy.','신발을 밖에 두고 나왔는데 흙탕물이 됐어요.',30),(174,'Put on your shoes before we go outside to play.','우리가 밖에 놀러 나가기 전에 신발을 신으세요.',30),(175,'Mom bought me new shoes for school.','엄마는 나에게 학교를 위해 새 신발을 사주셨다.',30),(176,'A caterpillar crawled into my shoe!','애벌레가 내 신발 안으로 기어 들어갔어!',30),(177,'I lost one of my shoes at the playground.','운동장에서 신발 한 짝을 잃어버렸어요.',30),(178,'Blackberry is a juicy fruit that is black in color.','블랙베리는 즙이 많은 과일로 색깔은 검은색이다.',31),(179,'I love to eat blackberries in the summertime.','나는 여름에 블랙베리 먹는 것을 좋아한다.',31),(180,'Blackberry bushes have thorns, so be careful when picking them.','블랙베리 덤불에는 가시가 있기 때문에, 그것들을 고를 때 조심하세요.',31),(181,'Blackberries grow on vines that climb up high.','블랙베리는 높은 곳에 있는 덩굴에서 자란다.',31),(182,'Some animals like to eat blackberries too, like birds and bears.','어떤 동물들은 새나 곰처럼 블랙베리를 먹는 것도 좋아한다.',31),(183,'We can make yummy blackberry jam by cooking blackberries with sugar.','우리는 블랙베리를 설탕과 함께 요리함으로써 맛있는 블랙베리 잼을 만들 수 있습니다.',31),(184,'Blackberry smoothies are a delicious and healthy treat.','블랙베리 스무디는 맛있고 건강에 좋은 간식입니다.',31),(185,'Blackberry pie is one of my favorite desserts.','블랙베리 파이는 내가 가장 좋아하는 디저트 중 하나이다.',31),(186,'Blackberry juice is sweet and refreshing on a hot day.','블랙베리 주스는 더운 날에 달콤하고 상쾌합니다.',31),(187,'I love wearing my red hat to school. ','나는 빨간 모자를 쓰고 학교에 가는 것을 좋아해.',32),(188,'My hat has a pompom on top. ','내 모자는 위에 폼폼이 있다.',32),(189,'Look at the snowflake, it is so pretty!','눈송이를 보세요, 너무 예뻐요!',34),(190,'Every snowflake is unique, just like you!','모든 눈송이는 여러분처럼 독특합니다!',34),(191,'I like to watch the fish in the pond.','나는 연못에서 물고기를 보는 것을 좋아한다.',35),(192,'Ducks like to swim in the pond.','오리들은 연못에서 수영하는 것을 좋아한다.',35),(193,'My mom gave me a beautiful necklace for my birthday.','엄마는 내 생일에 아름다운 목걸이를 주셨다.',36),(194,'I love wearing my sparkly necklace to parties.','나는 파티에 내 반짝이는 목걸이를 하는 것을 좋아한다.',36),(195,'The queen wore a grand necklace made of diamonds.','여왕은 다이아몬드로 만들어진 거대한 목걸이를 하고 있었다.',36),(196,'I made a necklace out of colorful beads in school today.','나는 오늘 학교에서 화려한 구슬로 목걸이를 만들었어.',36),(197,'My best friend and I both have matching heart necklaces.','내 가장 친한 친구와 나는 둘 다 짝이 맞는 하트 목걸이를 가지고 있다.',36),(198,'I like to keep my special necklace in a safe place when I am not wearing it.','나는 특별한 목걸이를 착용하지 않을 때 안전한 장소에 보관하는 것을 좋아한다.',36),(199,'I saw a big red firetruck driving down the street!','나는 큰 빨간 소방차가 길을 달리는 것을 봤어!',37),(200,'Mama bought me new underwear for school.','엄마가 학교에서 입을 새 속옷을 사주셨다.',38),(201,'I wear clean underwear every day.','나는 매일 깨끗한 속옷을 입는다.',38),(202,'I like my superhero underwear the most.','나는 내 슈퍼히어로 속옷을 가장 좋아한다.',38),(203,'My teacher told us to keep our underwear private.','선생님은 우리에게 속옷을 개인적으로 보관하라고 말씀하셨어.',38),(204,'I accidentally put my underwear on backwards today!','오늘 실수로 속옷을 거꾸로 입었어!',38),(205,'My cat likes to play with my underwear.','내 고양이는 내 속옷을 가지고 노는 것을 좋아한다.',38),(206,'I have dinosaur and unicorn underwear.','나는 공룡과 유니콘 속옷을 가지고 있다.',38),(207,'I hang my wet underwear on the clothesline to dry.','나는 젖은 속옷을 빨랫줄에 널어 말린다.',38),(208,'I always make sure my underwear matches my outfit.','나는 항상 내 속옷이 내 옷과 맞는지 확인한다.',38),(209,'My little sister likes to steal my underwear (!).','내 여동생은 내 속옷을 훔치는 것을 좋아한다.',38),(210,'The key opens the door to my classroom.','그 열쇠는 내 교실의 문을 열어준다.',39),(211,'I lost the key to my locker at school.','학교에서 사물함 열쇠를 잃어버렸어요.',39),(212,'The key is shiny and yellow.','열쇠는 반짝반짝 빛나고 노란색이다.',39),(213,'Do you know where the key to the toy box is?','장난감 상자 열쇠가 어디 있는지 아세요?',39),(214,'I need the key to unlock my bike.','나는 내 자전거의 잠금을 해제하기 위한 열쇠가 필요하다.',39),(215,'The keychain has a picture of my favorite cartoon character.','열쇠고리에는 내가 가장 좋아하는 만화 캐릭터의 사진이 있다.',39),(216,'The teacher gave me the key to the supply closet.','선생님은 나에게 물품 보관함 열쇠를 주셨다.',39),(217,'You need the key to turn on the light in the classroom.','교실에 불을 켜려면 열쇠가 필요합니다.',39),(218,'The key to success is hard work and dedication.','성공의 열쇠는 근면과 헌신이다.',39),(219,'I found a key on the playground, I wonder what it opens.','운동장에서 열쇠를 발견했는데, 무엇이 열리는지 궁금하다.',39),(220,'The train chugs down the tracks.','기차가 덜컹덜컹 선로를 따라 내려간다.',40),(221,'My dad let me borrow his camera to take pictures of our backyard.','아빠는 뒤뜰 사진을 찍기 위해 카메라를 빌려주셨다.',41),(222,'I love using the camera to take pictures of my friends at school.','나는 학교에서 친구들의 사진을 찍기 위해 카메라를 사용하는 것을 좋아해.',41),(223,'The teacher gave us a camera to take photos of our field trip to the zoo.','선생님은 우리에게 동물원 견학 사진을 찍을 수 있는 카메라를 주셨다.',41),(224,'I learned how to hold the camera steady and take clear pictures.','나는 카메라를 고정시키고 선명한 사진을 찍는 법을 배웠다.',41),(225,'When I grow up, I want to be a photographer and take pictures with a big camera.','나는 커서 사진작가가 되어서 큰 카메라로 사진을 찍고 싶다.',41),(226,'The blacksmith used his anvil to shape the metal into a horseshoe.','대장장이는 모루로 금속을 말굽 모양으로 만들었다.',42),(227,'The anvil is heavy and made of solid iron.','그 모루는 무겁고 단단한 철로 만들어졌다.',42),(228,'The loud sound of the hammer hitting the anvil echoes through the forge.','망치가 모루에 부딪히는 요란한 소리가 단조로운 곳을 메아리친다.',42),(229,'Can you draw a picture of an anvil for our art project?','우리 미술 프로젝트를 위해 모루 그림을 그려줄 수 있니?',42),(230,'An anvil is an important tool for making things out of metal.','모루는 금속으로 물건을 만드는 중요한 도구이다.',42),(231,'A hurricane is a really windy and rainy storm!','허리케인은 정말 바람이 불고 비가 오는 폭풍이다!',43),(232,'My family and I are preparing for the hurricane by buying food and water.','우리 가족과 나는 음식과 물을 사서 허리케인에 대비하고 있다.',43),(233,'We have to stay inside our house during the hurricane to stay safe.','우리는 허리케인이 오는 동안 안전하게 지내기 위해 집 안에 머물러야 합니다.',43),(234,'The hurricane knocked down many trees and branches in our yard.','허리케인이 우리 마당의 많은 나무와 나뭇가지를 쓰러뜨렸다.',43),(235,'The mosquito is a tiny insect that bites people and animals. ','모기는 사람과 동물을 문다.',44),(236,'Mosquitoes can be found near stagnant water like ponds or lakes. ','모기는 연못이나 호수와 같은 고인 물 근처에서 발견될 수 있습니다.',44),(237,'We need to protect ourselves from mosquitoes by putting on insect repellent or wearing long sleeves. ','우리는 모기로부터 방충제를 바르거나 긴 소매를 입음으로써 우리 자신을 보호할 필요가 있습니다.',44),(238,'Mosquitoes make a buzzing sound when they fly around. ','모기는 날아다닐 때 윙윙거리는 소리를 냅니다.',44),(239,'Itchy bumps on our skin can be caused by mosquito bites.','우리의 피부에 있는 가려운 혹은 모기에 물린 것에 의해 야기될 수 있습니다.',44),(240,'I love riding my motorbike with my dad.','나는 아빠와 함께 오토바이를 타는 것을 좋아해.',45),(241,'My uncle has a cool motorbike with lots of colors.','나의 삼촌은 다양한 색깔의 멋진 오토바이를 가지고 있다.',45),(242,'My friend has a motorbike that makes a loud noise.','내 친구는 큰 소리를 내는 오토바이를 가지고 있다.',45),(243,'We wear helmets when we ride our motorbikes for safety.','우리는 안전을 위해 오토바이를 탈 때 헬멧을 쓴다.',45),(244,'We can go to the park on our motorbike and have a picnic.','우리는 오토바이를 타고 공원에 가서 피크닉을 할 수 있다.',45),(245,'There are different types of motorbikes like fast ones and small ones.','빠른 오토바이와 작은 오토바이와 같은 다른 종류의 오토바이가 있다.',45),(246,'My favorite color for a motorbike is red.','내가 가장 좋아하는 오토바이 색깔은 빨간색이다.',45),(247,'Motorbikes have two wheels and are really fast. ','오토바이는 바퀴가 두 개이고 정말 빠르다.',45),(248,'My dad teaches me how to ride his motorbike safely.','아빠는 오토바이를 안전하게 타는 법을 가르쳐 주신다.',45),(249,'Motorbikes can go on roads and sometimes even dirt paths.','오토바이는 도로와 때로는 흙길까지 갈 수 있다.',45),(250,'I used a paintbrush to paint a colorful rainbow.','나는 화려한 무지개를 그리기 위해 붓을 사용했다.',46),(251,'My mom gave me a new paintbrush to use for my art projects.','엄마는 나에게 미술 프로젝트에 사용할 새로운 붓을 주셨다.',46),(252,'I dipped my paintbrush in blue paint to make the sky in my painting.','나는 그림 속의 하늘을 만들기 위해 붓을 파란 물감에 담갔다.',46),(253,'The paintbrush felt soft and smooth on the paper.','종이 위에 붓이 부드럽고 매끄럽게 느껴졌다.',46),(254,'I learned how to use a paintbrush to make different shapes and lines in my artwork.','나는 내 작품에서 다른 모양과 선을 만들기 위해 붓을 사용하는 법을 배웠다.',46),(255,'My friend and I painted a picture together using our paintbrushes.','친구와 나는 붓으로 그림을 그렸다.',46),(256,'I cleaned my paintbrush by rinsing it in water and wiping it on a towel.','나는 붓을 물에 헹구고 수건에 닦아서 닦았다.',46),(257,'Today we are going to make a picture using only our fingers and paintbrushes.','오늘은 손가락과 붓만으로 그림을 그릴 거예요.',46),(258,'I painted a picture of my family using my paintbrush and different colors of paint.','나는 내 그림붓과 다른 색의 물감을 사용하여 우리 가족의 그림을 그렸다.',46),(259,'The paintbrush helped me create a beautiful flower garden in my painting.','그 붓은 내 그림에 아름다운 꽃밭을 만드는 데 도움을 주었다.',46),(260,'I use a broom to sweep the classroom floor.','나는 교실 바닥을 쓸기 위해 빗자루를 사용한다.',47),(261,'The witch flew on her broomstick across the sky.','마녀는 빗자루를 타고 하늘을 가로질러 날았다.',47),(262,'We keep our classroom clean by using a broom.','우리는 빗자루를 사용해서 교실을 깨끗하게 유지한다.',47),(263,'The janitor sweeps the school hallway with a broom.','청소부가 빗자루로 학교 복도를 청소한다.',47),(264,'I found a little broom in the pretend play area.','나는 가장 놀이 공간에서 작은 빗자루를 발견했다.',47),(265,'The dustpan and broom are best friends.','쓰레받기와 빗자루는 가장 친한 친구이다.',47),(266,'We can learn to sweep by practicing with a broom.','우리는 빗자루로 연습함으로써 청소하는 법을 배울 수 있습니다.',47),(267,'The broom is made of bristles and a long handle.','빗자루는 강모와 긴 손잡이로 만들어졌다.',47),(268,'Fire hydrants are used by firefighters to get water to put out a fire.','소화전은 소방관들이 불을 끄기 위해 물을 얻는 데 사용된다.',48),(269,'Fire hydrants are usually bright red and can be found on many streets or neighborhoods.','소화전은 보통 밝은 빨간색이고 많은 거리나 동네에서 발견될 수 있다.',48),(270,'You should never play with a fire hydrant because it is important for emergency situations.','소화전은 비상 상황에 중요하기 때문에 절대로 가지고 놀면 안 됩니다.',48),(271,'A fire hydrant has a special valve that controls the water flow.','소화전에는 물의 흐름을 제어하는 특별한 밸브가 있다.',48),(272,'If you ever see a fire hydrant that is leaking, make sure to tell an adult so they can fix it.','만약 여러분이 새고 있는 소화전을 본다면, 어른들이 그것을 고칠 수 있도록 반드시 말하세요.',48),(273,'The circle is a shape that has no corners.','원은 모서리가 없는 모양이다.',49),(274,'We can draw a circle with a pencil or marker.','우리는 연필이나 마커로 원을 그릴 수 있다.',49),(275,'The sun and moon look like circles in the sky.','해와 달은 하늘의 원처럼 보인다.',49),(276,'We bake cookies in the oven.','우리는 오븐에서 쿠키를 굽는다.',50),(277,'Mommy cooks chicken in the oven for dinner.','엄마는 저녁으로 오븐에서 치킨을 요리하신다.',50),(278,'Daddy makes pizza in the oven for us.','아빠는 우리를 위해 오븐에서 피자를 만드신다.',50),(279,'The cake is baking in the oven right now.','케이크가 지금 오븐에서 구워지고 있어요.',50),(280,'We rode a roller coaster and screamed with joy!','우리는 롤러코스터를 타고 기뻐서 소리를 질렀어!',51),(281,'The roller coaster went up and down and all around.','롤러코스터가 위아래로 흔들렸다.',51),(282,'The roller coaster was a thrilling ride.','롤러코스터는 스릴 넘치는 놀이기구였다.',51),(283,'I love riding the roller coaster with my friends.','나는 친구들과 롤러코스터 타는 것을 좋아한다.',51),(284,'The roller coaster made my stomach feel funny.','롤러코스터는 내 배를 재미있게 만들었다.',51),(285,'The roller coaster had lots of twists and turns.','그 롤러코스터는 많은 우여곡절을 겪었다.',51),(286,'We waited in line for the roller coaster for a long time.','우리는 오랫동안 줄을 서서 롤러코스터를 기다렸다.',51),(287,'After the roller coaster, we felt dizzy and happy.','롤러코스터를 탄 후, 우리는 어지럽고 행복했습니다.',51),(288,'I closed my eyes on the roller coaster because it was scary.','나는 롤러코스터가 무서워서 눈을 감았다.',51),(289,'The roller coaster takes you on an exciting adventure.','롤러코스터는 여러분을 신나는 모험으로 데려갑니다.',51),(290,'The giraffe has a very long neck.','기린은 매우 긴 목을 가지고 있다.',52),(291,'Giraffes have spots on their body.','기린은 몸에 반점이 있다.',52),(292,'Giraffes are very tall animals.','기린은 키가 매우 큰 동물이다.',52),(293,'A baby giraffe is called a calf.','아기 기린은 송아지라고 불립니다.',52),(294,'Giraffes eat leaves from tall trees.','기린은 높은 나무의 잎을 먹는다.',52),(295,'Giraffes live in Africa.','기린은 아프리카에 삽니다.',52),(296,'Giraffes can run very fast.','기린은 매우 빨리 달릴 수 있습니다.',52),(297,'A group of giraffes is called a tower.','기린의 무리는 탑이라고 불린다.',52),(298,'Giraffes have big, beautiful eyes.','기린은 크고 아름다운 눈을 가지고 있습니다.',52),(299,'The lighthouse is a tall tower with a bright light that helps boats and ships find their way.','등대는 배와 배들이 길을 찾는 것을 돕는 밝은 빛을 가진 높은 탑이다.',53),(300,'We visited the lighthouse on our field trip and climbed up to the top to see the beautiful view.','우리는 수학여행에서 등대를 방문했고 아름다운 경치를 보기 위해 정상에 올랐다.',53),(301,'The lighthouse keeper takes care of the lighthouse and makes sure the light stays on all night long.','등대지기는 등대를 돌보고 불이 밤새 켜지도록 한다.',53),(302,'The lighthouse is painted with white and red stripes to help it stand out against the blue sky and sea.','등대는 푸른 하늘과 바다를 배경으로 돋보이게 하기 위해 흰색과 빨간색 줄무늬로 칠해져 있다.',53),(303,'The sheep has fluffy wool to keep it warm.','그 양은 따뜻하게 유지하기 위해 솜털을 가지고 있다.',54),(304,'We count sheep to help us fall asleep.','우리는 잠드는 것을 돕기 위해 양을 세어요.',54),(305,'The little lamb follows its mother sheep everywhere.','어린 양은 어미 양을 따라 어디든 간다.',54),(306,'Shearing the sheep helps to make clothes and blankets.','양의 털을 깎는 것은 옷과 담요를 만드는 것을 돕습니다.',54),(307,'The farmer feeds the sheep hay and grains.','농부는 양들에게 건초와 곡물을 먹인다.',54),(308,'The wool from the sheep is used to make soft and cozy scarves. ','양털은 부드럽고 포근한 스카프를 만드는데 사용된다.',54),(309,'The cute little sheep has four legs and a curly tail. ','이 귀여운 작은 양은 네 개의 다리와 곱슬곱슬한 꼬리를 가지고 있습니다.',54),(310,'I love to have toast for breakfast, so I use my toaster to make it.','나는 아침으로 토스트를 먹는 것을 좋아해서 토스트를 사용해서 만든다.',55),(311,'When I put bread in the toaster, it gets hot and turns into yummy toast.','토스터에 빵을 넣으면 뜨거워지고 맛있는 토스트가 된다.',55),(312,'Be careful when you use the toaster, because it can get very hot.','토스터를 사용할 때는 매우 뜨거워질 수 있기 때문에 조심하세요.',55),(313,'My toaster has a button that I push to start it and make my toast.','내 토스터는 내가 그것을 시작하고 내 토스트를 만들기 위해 누르는 버튼이 있다.',55),(314,'Sometimes, the toaster makes funny popping sounds, and it makes me giggle.','때때로, 토스터기는 재미있는 터지는 소리를 내고, 그것은 나를 웃게 만든다.',55),(315,'Can you help me put the bread in the toaster so we can have toast together?','같이 토스트 먹을 수 있게 빵을 토스터에 넣는 것을 도와줄 수 있나요?',55),(316,'My mom always supervises me when I use the toaster, to make sure I am safe.','엄마는 내가 안전한지 확인하기 위해 토스터를 사용할 때 항상 나를 감독하신다.',55),(317,'I like to listen to my favorite songs on the radio.','나는 라디오에서 내가 가장 좋아하는 노래를 듣는 것을 좋아한다.',56),(318,'When you see a stop sign, you should stop your bike or car. ','정지 표지판을 보면, 자전거나 차를 세워야 한다.',57),(319,'The stop sign is red and shaped like an octagon. ','정지 표시는 빨간색이고 팔각형 모양입니다.',57),(320,'The stop sign helps keep us safe when we cross the street. ','정지 표지판은 우리가 길을 건널 때 우리를 안전하게 해준다.',57),(321,'The teapot is a special container for our tea.','그 찻주전자는 우리 차를 위한 특별한 용기이다.',58),(322,'I love to pour tea from the teapot into my little cup.','나는 찻주전자의 차를 내 작은 컵에 따르는 것을 좋아한다.',58),(323,'My mom likes to use a teapot with a fancy design when she has friends over.','우리 엄마는 친구들이 오실 때 화려한 디자인의 찻주전자를 사용하는 것을 좋아하셔.',58),(324,'I like to relax in the hot tub after a long day of playing outside.','저는 밖에서 긴 하루를 보낸 후에 뜨거운 욕조에서 휴식을 취하는 것을 좋아합니다.',59),(325,'My family and I like to have fun in the hot tub together.','우리 가족과 나는 뜨거운 욕조에서 함께 즐기는 것을 좋아해요.',59),(326,'The hot tub makes my muscles feel better when I am sore.','뜨거운 욕조는 내가 아플 때 내 근육을 낫게 해줍니다.',59),(327,'The keyboard helps us type on the computer.','키보드는 우리가 컴퓨터를 타이핑하는 것을 도와줍니다.',60),(328,'I can tap the letters on the keyboard to make words.','저는 키보드의 글자들을 눌러 단어를 만들 수 있습니다.',60),(329,'I use the space bar on the keyboard to make spaces between words.','저는 키보드의 스페이스 바를 사용하여 단어 사이에 공백을 만듭니다.',60),(330,'The Enter key on the keyboard helps me start a new line.','키보드의 Enter 키를 사용하면 새 줄을 시작할 수 있습니다.',60),(331,'I can use the backspace key on the keyboard to erase mistakes.','키보드의 백스페이스 키를 사용하여 실수를 지울 수 있습니다.',60),(332,'A hospital is a place where people go to get better.','병원은 사람들이 나아지기 위해 가는 곳이다.',61),(333,'Doctors and nurses work at the hospital to help their patients.','의사들과 간호사들은 그들의 환자들을 돕기 위해 병원에서 일한다.',61),(334,'If you are sick, you might need to go to the hospital to get medicine.','만약 여러분이 아프다면, 약을 사기 위해 병원에 가야 할 수도 있습니다.',61),(335,'Sometimes people have to stay in the hospital overnight to get better.','때때로 사람들은 나아지기 위해 병원에서 하룻밤을 지내야 한다.',61),(336,'The hospital is a safe place where you can get help if you are hurt or feeling sick.','병원은 여러분이 다치거나 아프면 도움을 받을 수 있는 안전한 장소입니다.',61),(337,'Look up in the sky, do you see the flying saucer?','하늘을 올려다 보세요, 비행접시가 보이나요?',62),(338,'The aliens in the flying saucer came to visit Earth.','비행접시에 있는 외계인들은 지구를 방문하기 위해 왔다.',62),(339,'I wish I could ride in a flying saucer like in the movies.','나는 영화에서처럼 비행접시를 타고 싶다.',62),(340,'The flying saucer in the book was colorful and had bright lights.','책 속의 비행접시는 화려하고 밝은 빛을 가지고 있었다.',62),(341,'We made a flying saucer craft in class using paper plates.','우리는 수업 시간에 종이 접시를 사용하여 비행접시를 만들었습니다.',62),(342,'I love to eat hot dogs at lunchtime!','저는 점심시간에 핫도그를 먹는 것을 좋아해요!',63),(343,'My dad grills hot dogs for us at our family picnics.','우리 아빠는 우리 가족 소풍에서 핫도그를 구워주셔',63),(344,'Hot dogs are made of meat and bread.','핫도그는 고기와 빵으로 만들어집니다.',63),(345,'I like to put ketchup and mustard on my hot dog.','저는 핫도그에 케첩과 겨자를 바르는 것을 좋아합니다.',63),(346,'Hot dogs are a popular food at baseball games.','핫도그는 야구 경기에서 인기 있는 음식입니다.',63),(347,'I love snuggling on the couch with my family.','나는 가족들과 소파에서 껴안는 것을 좋아한다.',64),(348,'I have a cozy blanket on my couch.','나는 소파 위에 포근한 담요가 있다.',64),(349,'The cushions on my couch are so soft and comfy.','내 소파의 쿠션은 매우 부드럽고 편안하다.',64),(350,'My favorite toy got lost in the couch cushions.','내가 가장 좋아하는 장난감이 소파 쿠션에서 분실되었다.',64),(351,'Sitting on the couch makes me feel relaxed.','소파에 앉으면 마음이 편안해집니다.',64),(352,'I like to read my books on the couch.','나는 소파에서 책 읽는 것을 좋아한다.',64),(353,'We watch movies together as a family on the couch.','우리는 소파에서 가족과 함께 영화를 본다.',64),(354,'I jumped on the couch and got into trouble.','나는 소파에 뛰어올라 곤경에 빠졌다.',64),(355,'Sometimes we have pizza nights on the couch.','가끔 우리는 소파에서 피자를 먹는다.',64),(356,'The cat loves to nap on the couch.','그 고양이는 소파에서 낮잠 자는 것을 좋아한다.',64),(357,'The flamingo is a pink bird that likes to stand on one leg.','홍학은 한쪽 다리로 서 있는 것을 좋아하는 분홍색 새입니다.',65),(358,'I love to eat blueberries for breakfast!','나는 아침으로 블루베리를 먹는 것을 좋아해!',66),(359,'Blueberries are small, round, and delicious.','블루베리는 작고 둥글며 맛있다.',66),(360,'Blueberries grow on bushes.','블루베리는 덤불에서 자란다.',66),(361,'Blueberry muffins are my favorite!','블루베리 머핀은 내가 제일 좋아해!',66),(362,'I like to pick blueberries at the farm with my family.','나는 가족과 함께 농장에서 블루베리를 따는 것을 좋아한다.',66),(363,'Blueberries are a healthy snack.','블루베리는 건강에 좋은 간식입니다.',66),(364,'Blueberries make a great addition to pancakes.','블루베리는 팬케이크에 아주 좋은 첨가물이 된다.',66),(365,'Blueberries are a beautiful shade of blue.','블루베리는 아름다운 색조의 파란색이다.',66),(366,'I learned how to draw a blueberry in art class.','나는 미술 시간에 블루베리 그리는 법을 배웠어.',66),(367,'Blueberries can be used to make jam, juice, and pie.','블루베리는 잼, 주스, 그리고 파이를 만드는데 사용될 수 있다.',66),(368,'Practice drawing squiggles with different colors.','다른 색으로 구불구불한 그림을 그리는 연습을 하세요.',67),(369,'Can you make a squiggle that looks like a snake?','여러분은 뱀처럼 생긴 지글지글을 만들 수 있나요?',67),(370,'Sarah put her lunchbox in her backpack before going to school.','사라는 학교에 가기 전에 그녀의 도시락을 배낭에 넣었다.',68),(371,'The bulldozer helped clear the construction site.','불도저가 공사장 청소를 도왔다.',69),(372,'The bulldozer pushed the dirt and rocks out of the way.','불도저가 흙과 바위를 밀어냈다.',69),(373,'The children were excited to see the big bulldozer working.','아이들은 큰 불도저가 작동하는 것을 보고 흥분했다.',69),(374,'The bulldozer can move heavy things like rocks and trees.','불도저는 바위나 나무와 같은 무거운 것들을 옮길 수 있다.',69),(375,'The bulldozer has a big blade on the front to push things.','불도저는 물건을 밀기 위해 앞쪽에 큰 날이 있다.',69),(376,'Look, there is a zebra in the zoo!','보세요, 동물원에 얼룩말이 있어요!',70),(377,'The zebra has black and white stripes on its body.','얼룩말은 몸에 검은색과 흰색 줄무늬가 있다.',70),(378,'Zebras are very fast runners.','얼룩말은 매우 빨리 달립니다.',70),(379,'The frog jumped over the pond.','개구리는 연못을 뛰어넘었다.',71),(380,'I saw a green frog in my garden.','나는 정원에서 청개구리를 보았다.',71),(381,'The frog croaked loudly in the swamp.','개구리가 늪에서 크게 울었다.',71),(382,'A frog has webbed feet to help them swim.','개구리는 그들의 수영을 돕기 위해 물갈퀴가 달린 발을 가지고 있다.',71),(383,'Frog eggs are called tadpoles and they grow into frogs.','개구리 알은 올챙이라고 불리며 개구리로 성장합니다.',71),(384,'A frog catches insects with its long tongue.','개구리는 긴 혀로 곤충을 잡는다.',71),(385,'Look at the big eyes on the frog!','개구리 위의 큰 눈을 보세요!',71),(386,'The frog has a smooth, slimy skin.','그 개구리는 매끄럽고 끈적끈적한 피부를 가지고 있다.',71),(387,'Do you want to hear a story about a talking frog?','말하는 개구리에 대한 이야기를 듣고 싶나요?',71),(388,'The shape of a frog begins as an egg in the water.','개구리의 모양은 물속의 알에서 시작한다.',71),(389,'I wear eyeglasses to help me see better.','나는 더 잘 볼 수 있도록 안경을 쓴다.',72),(390,'My favorite color for eyeglasses is pink.','내가 가장 좋아하는 안경 색깔은 분홍색이다.',72),(391,'Eyeglasses can be round or square.','안경은 둥글거나 사각형일 수 있다.',72),(392,'Without my eyeglasses, everything looks blurry.','내 안경이 없으면 모든 것이 흐릿하게 보인다.',72),(393,'When I wear my eyeglasses, letters and numbers are clear.','안경을 쓰면 글자와 숫자가 선명해요.',72),(394,'My parents helped me choose my first pair of eyeglasses.','우리 부모님은 내가 첫 안경을 고르는 것을 도와주셨어.',72),(395,'I take good care of my eyeglasses by cleaning them every day.','나는 안경을 매일 청소함으로써 안경을 잘 관리합니다.',72),(396,'Sunglasses are like eyeglasses, but they protect my eyes from the sun.','선글라스는 안경과 비슷하지만 햇빛으로부터 내 눈을 보호해줘.',72),(397,'Some people wear different eyeglasses for reading and for seeing far away.','어떤 사람들은 책을 읽을 때와 멀리 볼 때 다른 안경을 쓴다.',72),(398,'Eyeglasses are important for seeing clearly and learning new things.','안경은 명확하게 보고 새로운 것을 배우는 데 중요하다.',72),(399,'The power outlet is where we can plug in our toys.','콘센트는 장난감을 꽂을 수 있는 곳이다.',73),(400,'The dolphin is a smart and friendly sea animal.','돌고래는 똑똑하고 친근한 바다 동물입니다.',74),(401,'Look at the dolphin jumping out of the water!','물 밖으로 뛰어내리는 돌고래를 보세요!',74),(402,'The dolphin loves to swim and play in the ocean.','돌고래는 바다에서 수영하고 노는 것을 좋아합니다.',74),(403,'Did you know that dolphins communicate by making clicking sounds?','여러분은 돌고래들이 딸깍거리는 소리를 내면서 의사소통을 한다는 것을 알고 있었나요?',74),(404,'The cows live in the barn on the farm.','소들은 농장의 헛간에서 산다.',75),(405,'We can see the big red barn from our classroom window.','우리는 교실 창문에서 크고 빨간 헛간을 볼 수 있다.',75),(406,'The farmer stores hay in the barn for the winter.','농부는 겨울을 위해 헛간에 건초를 저장한다.',75),(407,'I bumped my elbow and it hurts.','팔꿈치를 부딪혀서 아파요.',76),(408,'I use my elbow to push the door open.','나는 팔꿈치로 문을 밀어서 연다.',76),(409,'When I dance, I move my elbows up and down.','나는 춤을 출 때 팔꿈치를 위아래로 움직인다.',76),(410,'My dad helped me draw a picture of an elbow.','아빠는 내가 팔꿈치 그림을 그리는 것을 도와주셨다.',76),(411,'I like to rest my chin on my elbow while I read a book.','나는 책을 읽는 동안 팔꿈치로 턱을 괴고 쉬는 것을 좋아한다.',76),(412,'I learned to cover my mouth with my elbow when I cough or sneeze.','나는 기침이나 재채기를 할 때 팔꿈치로 입을 가리는 법을 배웠다.',76),(413,'My doctor checked my elbow for any injuries.','내 의사는 내 팔꿈치에 부상이 없는지 검사했다.',76),(414,'When I play catch, I use my elbow to throw the ball.','캐치볼을 할 때는 팔꿈치로 공을 던집니다.',76),(415,'I use my elbow to steady myself when I balance on one foot.','나는 한쪽 발로 균형을 잡을 때 팔꿈치를 사용하여 몸을 안정시킨다.',76),(416,'I traced my elbow on a sheet of paper and used it to make a craft.','나는 종이 위에 팔꿈치를 그려서 공예품을 만드는 데 사용했다.',76),(417,'The flower smells so good.','그 꽃은 냄새가 너무 좋다.',77),(418,'I picked a pretty yellow flower in the garden.','나는 정원에서 예쁜 노란 꽃을 땄다.',77),(419,'The bee is flying from flower to flower.','꿀벌이 꽃에서 꽃으로 날아다닌다.',77),(420,'My favorite flower is a daisy.','내가 가장 좋아하는 꽃은 데이지이다.',77),(421,'I like to cook pancakes in a frying pan.','나는 프라이팬에 팬케이크를 요리하는 것을 좋아한다.',78),(422,'Mommy uses a frying pan to make scrambled eggs.','엄마는 스크램블 에그를 만들기 위해 프라이팬을 사용한다.',78),(423,'Daddy fried chicken in his big frying pan.','아빠는 그의 큰 프라이팬에 치킨을 튀겼다.',78),(424,'The frying pan gets really hot, so be careful!','프라이팬이 정말 뜨거워지니까 조심하세요!',78),(425,'Can you help me wash the frying pan after breakfast?','아침 식사 후에 프라이팬 닦는 것을 도와줄 수 있나요?',78),(426,'We need a frying pan to make grilled cheese sandwiches.','우리는 구운 치즈 샌드위치를 만들기 위해 프라이팬이 필요하다.',78),(427,'The wheel on the bus goes round and round.','버스의 바퀴가 빙글빙글 돈다.',79),(428,'My tricycle has three wheels.','내 세발자전거는 바퀴가 세개다.',79),(429,'The ferris wheel at the fair was so much fun.','박람회 관람차가 너무 재미있었다.',79),(430,'The hamster runs on his exercise wheel.','햄스터는 그의 운동 바퀴로 달린다.',79),(431,'We use a steering wheel to drive a car.','우리는 차를 운전할 때 핸들을 사용한다.',79),(432,'My wagon has big wheels that help it move easily.','내 마차는 바퀴가 커서 쉽게 움직일 수 있다.',79),(433,'I like to eat apples for snack time.','나는 간식으로 사과를 먹는 것을 좋아한다.',81),(434,'The apple is red and round.','사과는 빨갛고 둥글다.',81),(435,'Johnny Appleseed planted apple seeds all over.','조니 애플시드는 사과씨를 사방에 심었다.',81),(436,'I can count how many apples are in the basket.','나는 바구니 안에 사과가 몇 개 있는지 셀 수 있다.',81),(437,'We can make apple pies with apples.','우리는 사과로 사과 파이를 만들 수 있다.',81),(438,'Apples grow on trees.','사과는 나무에서 자란다.',81),(439,'We use apples to make apple juice.','우리는 사과 주스를 만들기 위해 사과를 사용한다.',81),(440,'Apples can be green, red, or yellow.','사과는 초록색, 빨간색, 노란색일 수 있다.',81),(441,'I like to pick apples on a fall day.','나는 가을에 사과 따는 것을 좋아한다.',81),(442,'The teacher gave me an apple sticker for doing a good job.','선생님은 나에게 잘했다고 사과 스티커를 주셨다.',81),(443,'The little bird lives in the tree.','그 작은 새는 나무에서 산다.',83),(444,'The leaves on the tree change color in the fall.','나무의 잎들은 가을에 색이 변한다.',83),(445,'A squirrel loves to climb up the tree.','다람쥐는 나무 위로 올라가는 것을 좋아한다.',83),(446,'We can sit under the big tree and have a picnic.','우리는 큰 나무 밑에 앉아서 소풍을 갈 수 있다.',83),(447,'The tree grows taller and taller every year.','그 나무는 매년 키가 점점 더 커집니다.',83),(448,'A tree provides shade on a hot day.','나무는 더운 날에 그늘을 제공한다.',83),(449,'Trees make oxygen for us to breathe.','나무는 우리가 숨쉬기 위해 산소를 만든다.',83),(450,'The bark on a tree feels rough to touch.','나무 껍질은 만져보기에 거칠다.',83),(451,'An apple tree gives us yummy fruit.','사과나무는 우리에게 맛있는 과일을 준다.',83),(452,'A tree home is where many animals live.','나무집은 많은 동물들이 사는 곳이다.',83),(453,'I brush my tooth every morning and night.','나는 매일 아침과 밤에 이를 닦는다.',84),(454,'I lost my first tooth yesterday!','나는 어제 첫 번째 치아를 잃어버렸어!',84),(455,'The dentist said I have a cavity in my tooth.','치과의사가 내 치아에 충치가 있다고 말했다.',84),(456,'I like to eat apples because they clean my tooth.','나는 사과를 먹는 것을 좋아한다. 왜냐하면 사과는 내 이빨을 깨끗하게 해주기 때문이다.',84),(457,'When I grow up, I want to be a tooth fairy.','나는 커서 치아 요정이 되고 싶어.',84),(458,'I like my toothbrush with the superhero on it.','나는 슈퍼히어로가 그려진 내 칫솔을 좋아한다.',84),(459,'The toothpaste makes my tooth sparkle and clean.','그 치약은 내 치아를 빛나고 깨끗하게 해준다.',84),(460,'The dentist told me to floss between my teeth every day.','치과의사는 나에게 매일 이 사이로 치실질을 하라고 말했다.',84),(461,'My mom told me to avoid eating too many sweets or I will get a cavity in my tooth.','엄마가 단 음식을 너무 많이 먹지 말라고 하셨어. 그렇지 않으면 충치가 생길 거야.',84),(462,'The tooth fairy left me a dollar under my pillow last night!','어젯밤 이빨 요정이 내 베개 밑에 1달러를 두고 갔어!',84),(463,'I love to watch cartoons on television.','나는 텔레비전으로 만화를 보는 것을 좋아한다.',85),(464,'The news is on the television.','그 뉴스는 텔레비전에 나온다.',85),(465,'My family and I went hiking up the mountain.','우리 가족과 나는 산으로 등산을 갔다.',86),(466,'I love to eat pizza with my friends at school.','나는 학교에서 친구들과 피자 먹는 것을 좋아한다.',87),(467,'Pepperoni is my favorite topping on pizza.','페퍼로니는 내가 가장 좋아하는 피자 토핑이다.',87),(468,'This pizza slice is hot and cheesy.','이 피자 조각은 뜨겁고 느끼하다.',87),(469,'We made our own mini pizzas in class today.','우리는 오늘 수업시간에 우리만의 미니 피자를 만들었어.',87),(470,'Knights use swords to fight dragons.','기사들은 용과 싸우기 위해 검을 사용한다.',88),(471,'A pirate has a sword to protect his treasure.','해적은 자신의 보물을 보호할 검을 가지고 있다.',88),(472,'A ninja carries a sharp sword to stealthily defeat enemies.','닌자는 적을 몰래 물리치기 위해 날카로운 검을 가지고 다닌다.',88),(473,'In the story, the brave princess used her magic sword to save the kingdom.','이 이야기에서, 용감한 공주는 왕국을 구하기 위해 그녀의 마법의 검을 사용했습니다.',88),(474,'A pretend sword can be fun to play with during dress-up time.','가장검은 분장 시간에 가지고 노는 것이 재미있을 수 있다.',88),(475,'Samurai warriors are famous for their sharp swords.','사무라이 전사들은 날카로운 칼로 유명하다.',88),(476,'A knight would wear a scabbard to keep his sword safe. ','기사는 칼을 안전하게 지키기 위해 칼집을 쓸 것이다.',88),(477,'In fairy tales, the sword often helps the hero defeat the villain. ','동화에서, 검은 종종 영웅이 악당을 물리치는 것을 돕는다.',88),(478,'Be careful! A sword is very sharp and can hurt you if you are not careful. ','조심해! 칼은 매우 날카롭고 조심하지 않으면 다칠 수 있습니다.',88),(479,'The swordsman practiced his skills every day to become the best.','그 검객은 최고가 되기 위해 매일 그의 기술을 연습했다.',88),(480,'I watered my house plant today so it can grow big.','나는 오늘 우리 집 식물이 크게 자랄 수 있도록 물을 주었다.',89),(481,'The leaves on my house plant are green and shiny.','우리 집 식물의 잎은 녹색이고 반짝인다.',89),(482,'My mom gave me a house plant to brighten up my room.','엄마는 내 방을 밝게 하기 위해 내게 화초를 주셨다.',89),(483,'I love talking to my house plant and giving it lots of care.','나는 우리 집 식물과 이야기하고 많은 보살핌을 주는 것을 좋아한다.',89),(484,'My house plant needs sunlight to stay healthy and strong.','우리 집 식물은 건강하고 튼튼하게 유지하기 위해 햇빛이 필요합니다.',89),(485,'I like looking at my house plant every day and watching it grow.','나는 매일 우리 집 식물을 보고 그것이 자라는 것을 보는 것을 좋아한다.',89),(486,'My house plant makes me happy and helps me feel peaceful.','나의 집 식물은 나를 행복하게 하고 내가 평화롭게 느끼도록 도와줍니다.',89),(487,'I wear a belt around my waist to keep my pants up.','나는 바지를 올리기 위해 허리에 벨트를 매고 있다.',90),(488,'The cowboy wore a big, shiny belt with his outfit.','카우보이는 그의 옷과 함께 크고 빛나는 벨트를 착용했다.',90),(489,'The karate teacher gave me a colored belt to show my progress.','가라테 선생님은 나의 발전을 보여주기 위해 나에게 색띠를 주셨다.',90),(490,'I use my mouth to eat my food.','나는 음식을 먹기 위해 입을 사용한다.',91),(491,'I brush my teeth with my mouth.','나는 입으로 이를 닦는다.',91),(492,'I can smile with my mouth.','입으로 웃을 수 있어요.',91),(493,'My mouth helps me talk to my friends.','내 입은 내가 친구들과 이야기할 수 있도록 도와준다.',91),(494,'I can make funny faces with my mouth.','나는 입으로 재미있는 표정을 지을 수 있다.',91),(495,'My mouth opens wide to sing a song.','나는 노래를 부르기 위해 입을 크게 벌린다.',91),(496,'We need to stop and wait at the streetlight before we cross the road.','우리는 길을 건너기 전에 가로등에서 멈추고 기다려야 합니다.',92),(497,'I brush my teeth with toothpaste every morning.','나는 매일 아침 치약으로 이를 닦는다.',93),(498,'Toothpaste helps keep my teeth clean and healthy.','치약은 내 치아를 깨끗하고 건강하게 유지하는데 도움을 준다.',93),(499,'I like the taste of my strawberry-flavored toothpaste.','나는 내 딸기 맛 치약의 맛을 좋아한다.',93),(500,'After I put toothpaste on my toothbrush, I make bubbles.','나는 칫솔에 치약을 바른 후에 거품을 냅니다.',93),(501,'Without toothpaste, brushing my teeth would not be as effective.','치약이 없다면, 이를 닦는 것은 그렇게 효과적이지 않을 것입니다.',93),(502,'Toothpaste comes in many different colors and flavors.','치약은 다양한 색깔과 맛이 있습니다.',93),(503,'When I brush my teeth, I squeeze a small amount of toothpaste on my brush.','이를 닦을 때, 나는 칫솔에 치약을 소량 짜요.',93),(504,'I learned how to brush my teeth properly with toothpaste from my parents. ','나는 부모님께 치약으로 이를 제대로 닦는 법을 배웠어.',93),(505,'Toothpaste has special ingredients that help fight cavities and bad breath.','치약은 충치와 구취를 퇴치하는 데 도움을 주는 특별한 성분을 가지고 있습니다.',93),(506,'I always make sure to rinse my mouth after brushing with toothpaste.','나는 치약으로 양치질을 한 후에는 항상 입 안을 헹구어요.',93),(507,'We use scissors to cut paper into fun shapes.','우리는 종이를 재미있는 모양으로 자르기 위해 가위를 사용합니다.',94),(508,'Be careful when using scissors, they are sharp!','가위는 날카롭기 때문에 사용할 때 조심하세요!',94),(509,'Can you please pass me the scissors so I can cut this out?','이거 잘라낼 수 있게 가위 좀 건네주시겠어요?',94),(510,'We can use scissors to create a collage with different pieces of paper.','우리는 가위를 사용하여 다른 종이로 콜라주를 만들 수 있습니다.',94),(511,'Always cut away from yourself when using scissors.','가위를 사용할 때는 항상 자신과 거리를 두어라.',94),(512,'The strong man lifted the heavy dumbbell.','힘센 남자가 무거운 덤벨을 들어올렸다.',95),(513,'I saw mommy and daddy using the dumbbell to exercise.','나는 엄마와 아빠가 운동할 때 아령을 사용하는 것을 보았다.',95),(514,'The dumbbell has two ends with a weight in the middle.','아령의 끝은 두 개이고 가운데에 무게가 있다.',95),(515,'I am too little to lift the heavy dumbbell, but I can watch my brother.','나는 무거운 아령을 들기에는 너무 어리지만, 나는 내 동생을 지켜볼 수 있다.',95),(516,'Exercise can help make us strong and healthy, just like lifting a dumbbell.','운동은 아령을 드는 것처럼 우리를 튼튼하고 건강하게 만드는데 도움을 줄 수 있습니다.',95),(517,'We can count the weight on the dumbbell and see how heavy it is.','우리는 아령의 무게를 세고 그것이 얼마나 무거운지 볼 수 있다.',95),(518,'The farmer used his red tractor to plow the field.','농부는 그의 빨간 트랙터를 이용하여 밭을 갈았다.',96),(519,'The green tractor drove through the mud puddles.','녹색 트랙터가 진흙 웅덩이를 뚫고 지나갔다.',96),(520,'The yellow tractor carried hay bales to the barn.','노란 트랙터는 건초를 헛간으로 운반했다.',96),(521,'I saw a blue tractor on a farm near our house.','나는 우리 집 근처의 농장에서 파란 트랙터를 보았다.',96),(522,'The tractor pulled the trailer filled with pumpkins.','트랙터는 호박으로 가득 찬 트레일러를 끌었다.',96),(523,'My uncle drives a big tractor with a front loader.','나의 삼촌은 큰 트랙터를 앞 로더와 함께 운전한다.',96),(524,'The noisy tractor woke up the cows in the morning.','시끄러운 트랙터가 아침에 소들을 깨웠다.',96),(525,'We rode in the tractor and felt the bumpy ride.','우리는 트랙터를 타고 울퉁불퉁한 주행감을 느꼈다.',96),(526,'The little boy pretended he was driving a tractor.','그 어린 소년은 트랙터를 운전하는 척했다.',96),(527,'The tractor had big, sturdy wheels to go over rough terrain.','그 트랙터는 험한 지형을 통과할 수 있는 크고 튼튼한 바퀴를 가지고 있었다.',96),(528,'The spider is spinning a web.','거미가 거미줄을 치고 있다.',97),(529,'Mommy likes to wear lipstick on her lips.','엄마는 입술에 립스틱 바르는 것을 좋아한다.',99),(530,'Lipstick comes in many different colors like red, pink, and purple.','립스틱은 빨간색, 분홍색, 그리고 보라색과 같은 많은 다양한 색상으로 나옵니다.',99),(531,'I saw a princess wearing a bright red lipstick in the storybook.','나는 동화책에서 밝은 빨간색 립스틱을 바른 공주를 봤어.',99),(532,'Lipstick is used to make our lips look pretty.','립스틱은 우리의 입술을 예쁘게 보이게 하기 위해 사용된다.',99),(533,'The snake slithered through the grass.','뱀이 풀숲을 미끄러지듯 지나갔다.',100),(534,'I used my calculator to count how many apples I had.','나는 내가 얼마나 많은 사과를 가지고 있는지 계산기를 사용했다.',101),(535,'My teacher showed us how to use a calculator to add numbers.','우리 선생님은 우리에게 숫자를 더하기 위해 계산기를 사용하는 방법을 가르쳐 주셨어.',101),(536,'I pressed buttons on the calculator and saw numbers appear on the screen.','계산기의 버튼을 눌렀더니 화면에 숫자가 뜨는 것을 보았다.',101),(537,'The calculator can help me figure out how much money I have.','계산기는 내가 얼마나 많은 돈을 가지고 있는지 알아내는 것을 도와줄 수 있다.',101),(538,'I love using the calculator to solve math problems.','나는 수학 문제를 풀기 위해 계산기를 사용하는 것을 좋아한다.',101),(539,'The kangaroo is a big, hopping animal with a pouch.','캥거루는 주머니를 가진 크고 깡충깡충 뛰는 동물이다.',102),(540,'I use a spoon to eat my cereal.','나는 시리얼을 먹기 위해 숟가락을 사용한다.',103),(541,'I scoop the soup with my spoon.','나는 숟가락으로 수프를 떠요.',103),(542,'I can balance a spoon on my nose.','나는 내 코 위에서 숟가락의 균형을 잡을 수 있다.',103),(543,'My spoon is shiny and silver.','내 숟가락은 반짝반짝 빛나고 은색이다.',103),(544,'I like to mix with my spoon.','나는 숟가락으로 섞는 것을 좋아한다.',103),(545,'I make a loud noise when I bang my spoon on the table.','나는 테이블 위에서 숟가락을 찧을 때 큰 소리를 낸다.',103),(546,'I clean my spoon after I finish eating.','나는 밥을 다 먹은 후에 숟가락을 닦는다.',103),(547,'I can count how many spoons are on the table.','나는 테이블 위에 숟가락이 몇 개 있는지 셀 수 있다.',103),(548,'I share my spoon with my friend.','나는 친구와 숟가락을 나눠먹는다.',103),(549,'I can make a silly face with my spoon.','나는 숟가락으로 바보 같은 표정을 지을 수 있다.',103),(550,'The windmill spins round and round when the wind blows.','바람이 불면 풍차가 빙글빙글 돈다.',104),(551,'The farmer uses the windmill to make electricity for his farm.','농부는 그의 농장을 위한 전기를 만들기 위해 풍차를 사용한다.',104),(552,'We saw a huge windmill on our way to the park.','우리는 공원으로 가는 길에 거대한 풍차를 보았다.',104),(553,'The windmill looks like a giant pinwheel!','그 풍차는 거대한 바람개비처럼 보입니다!',104),(554,'The windmill helps to water the fields by pumping water from the ground.','풍차는 땅에서 물을 퍼올려 밭에 물을 주는 것을 돕는다.',104),(555,'Diamonds are shiny and sparkly.','다이아몬드는 빛나고 반짝인다.',105),(556,'A diamond is a precious gemstone.','다이아몬드는 귀중한 보석이다.',105),(557,'The brave skydiver jumped from the plane with a parachute.','용감한 스카이다이버는 낙하산을 가지고 비행기에서 뛰어내렸다.',106),(558,'We saw a colorful parachute floating in the sky during recess.','우리는 쉬는 시간에 화려한 낙하산이 하늘에 떠 있는 것을 보았다.',106),(559,'The parachute games were so much fun at our outdoor gym class.','야외 체육 시간에 낙하산 게임이 너무 재미있었어.',106),(560,'My favorite part of the amusement park was the parachute ride.','놀이공원에서 내가 가장 좋아했던 부분은 낙하산 타기였다.',106),(561,'During our science lesson, we learned about how a parachute works.','과학 시간 동안, 우리는 낙하산이 어떻게 작동하는지 배웠습니다.',106),(562,'The king wears a shiny crown on his head.','왕은 머리에 빛나는 왕관을 쓰고 있다.',107),(563,'Bees are insects that collect nectar from flowers.','벌은 꽃에서 꿀을 모으는 곤충이다.',108),(564,'Honey is made by bees and is delicious to eat.','꿀은 벌들에 의해 만들어지고 먹기에 맛있습니다.',108),(565,'Bees are known for their black and yellow stripes.','벌들은 검은색과 노란색 줄무늬로 유명합니다.',108),(566,'Bees are important for pollinating flowers and helping plants grow.','벌들은 꽃을 수분시키고 식물이 자라는 것을 돕는 데 중요하다.',108),(567,'Queen bees are responsible for laying all the eggs in a hive.','여왕벌은 모든 알을 벌집에 낳는 책임이 있다.',108),(568,'Bees communicate with each other by dancing to show where to find food.','벌들은 먹이를 찾는 곳을 보여주기 위해 춤을 추면서 서로 의사소통을 합니다.',108),(569,'I love taking bubble baths in my bathtub!','나는 욕조에서 거품 목욕하는 것을 좋아해!',109),(570,'Rubber ducks like to swim in my bathtub.','고무 오리들은 내 욕조에서 수영하는 것을 좋아한다.',109),(571,'My mommy pours warm water in my bathtub before I take a bath.','엄마는 내가 목욕하기 전에 욕조에 따뜻한 물을 붓는다.',109),(572,'I use a washcloth to clean myself in the bathtub.','나는 욕조에서 몸을 닦기 위해 수건을 사용한다.',109),(573,'My bathtub is big enough for me to play with my toys.','내 욕조는 장난감을 가지고 놀기에 충분히 크다.',109),(574,'Sometimes I make a mess when I splash water in the bathtub!','때때로 나는 욕조에 물을 튀길 때 엉망진창으로 만들어!',109),(575,'I get to choose which color of bubble bath I want to add to my bathtub. ','나는 내 욕조에 어떤 색깔의 거품 목욕을 추가하고 싶은지 선택할 수 있다.',109),(576,'I have a fun bath time routine that includes shampoo and soap in the bathtub.','나는 욕조에서 샴푸와 비누를 포함한 재미있는 목욕 시간 루틴을 가지고 있다.',109),(577,'I feel so relaxed when I soak in my bathtub before bedtime.','나는 자기 전에 욕조에 몸을 담그면 매우 편안해.',109),(578,'I saw a bird flying in the sky.','나는 하늘을 나는 새를 보았다.',110),(579,'Yesterday, I saw a rainbow after the rain.','어제, 나는 비가 온 후 무지개를 보았다.',110),(580,'My teacher saw me doing a good job on my work.','선생님은 내가 숙제를 잘 하는 것을 보았다.',110),(581,'We saw a big tree in the park.','우리는 공원에서 큰 나무를 보았다.',110),(582,'He saw a butterfly fluttering by his nose.','그는 나비 한 마리가 그의 코 옆에서 펄럭이는 것을 보았다.',110),(583,'They saw a dog chasing a ball in the yard.','그들은 마당에서 공을 쫓는 개를 보았다.',110),(584,'We saw a boat on the lake on our vacation.','우리는 휴가 때 호수에서 보트를 보았다.',110),(585,'She saw her favorite color in a beautiful flower.','그녀는 아름다운 꽃에서 그녀가 가장 좋아하는 색을 보았다.',110),(586,'Tom saw a spider on the wall and got scared.','톰은 벽에 거미가 있는 것을 보고 겁을 먹었다.',110),(587,'The children saw a shooting star in the night sky.','아이들은 밤하늘에서 별똥별을 보았다.',110),(588,'I threw the boomerang and it came right back to me. ','부메랑을 던지자 부메랑이 다시 떠올랐어요.',111),(589,'The boomerang is a special kind of toy that you can throw and it will return to you. ','부메랑은 여러분이 던질 수 있는 특별한 종류의 장난감이고 여러분에게 돌아올 것입니다.',111),(590,'My dad taught me how to use a boomerang when I was in kindergarten. ','우리 아빠는 내가 유치원에 다닐 때 부메랑 사용법을 가르쳐 주셨어.',111),(591,'Boomerangs were first used by Indigenous Australians thousands of years ago. ','부메랑은 수천 년 전에 호주 원주민들에 의해 처음 사용되었습니다.',111),(592,'Today in yoga class, we learned how to do downward dog.','오늘 요가 시간에 우리는 아래로 내려가는 개를 배웠다.',112),(593,'When we do yoga, we breathe in and out slowly like a balloon.','우리가 요가를 할 때, 우리는 풍선처럼 천천히 숨을 들이쉬고 내쉬어요.',112),(594,'I feel calm and relaxed after practicing yoga.','요가를 연습하고 나니 마음이 차분하고 편안해요.',112),(595,'Yoga helps us stretch our muscles and improve our posture.','요가는 우리의 근육을 늘리고 자세를 향상시키는데 도움을 줍니다.',112),(596,'In yoga, we sometimes pretend to be animals like cats and cows.','요가에서, 우리는 때때로 고양이나 소와 같은 동물인 척합니다.',112),(597,'Yoga teaches us to be mindful of our bodies and our breath.','요가는 우리에게 우리의 몸과 숨을 조심하도록 가르친다.',112),(598,'We can do yoga anywhere, anytime, even in our own backyard.','우리는 어디서든, 언제든, 심지어 우리의 뒤뜰에서도 요가를 할 수 있습니다.',112),(599,'Yoga is a fun way to exercise and stay healthy.','요가는 운동을 하고 건강을 유지하는 재미있는 방법입니다.',112),(600,'I love practicing yoga with my friends in class.','나는 수업시간에 친구들과 요가를 연습하는 것을 좋아해.',112),(601,'Yoga helps us focus and concentrate, which is important for learning and school.','요가는 우리가 집중하고 집중할 수 있도록 도와주는데, 이것은 학습과 학교에 중요하다.',112),(602,'I love to eat sandwiches for lunch!','나는 점심으로 샌드위치 먹는 것을 좋아해!',113),(603,'My favorite sandwich is peanut butter and jelly.','내가 가장 좋아하는 샌드위치는 땅콩버터와 젤리이다.',113),(604,'I like to put lettuce and tomato on my sandwich.','나는 샌드위치에 양상추와 토마토를 넣는 것을 좋아한다.',113),(605,'Mommy makes the best sandwiches ever!','엄마는 최고의 샌드위치를 만드신다!',113),(606,'Sandwiches are yummy and easy to eat.','샌드위치는 맛있고 먹기 쉽습니다.',113),(607,'Can you make me a turkey sandwich, please?','칠면조 샌드위치를 만들어 주시겠어요?',113),(608,'I love playing games on my computer.','나는 컴퓨터로 게임하는 것을 좋아한다.',114),(609,'My computer helps me learn new things.','내 컴퓨터는 내가 새로운 것들을 배울 수 있도록 도와준다.',114),(610,'I can draw pictures on my computer.','나는 내 컴퓨터로 그림을 그릴 수 있다.',114),(611,'My mom uses the computer to work from home.','우리 엄마는 집에서 일할 때 컴퓨터를 사용한다.',114),(612,'My teacher shows us fun videos on the classroom computer.','나의 선생님은 우리에게 교실 컴퓨터로 재미있는 비디오를 보여준다.',114),(613,'I like to listen to music on my computer.','나는 컴퓨터로 음악 듣는 것을 좋아한다.',114),(614,'I use the computer to talk to my grandma who lives far away.','나는 멀리 사는 할머니와 컴퓨터로 대화를 한다.',114),(615,'My dad helps me play educational games on the computer.','아빠는 내가 컴퓨터로 교육적인 게임을 하는 것을 도와주신다.',114),(616,'My computer has a keyboard and a mouse that I can use.','내 컴퓨터에는 내가 사용할 수 있는 키보드와 마우스가 있다.',114),(617,'I can make cool art projects on my computer.','나는 컴퓨터로 멋진 예술 프로젝트를 만들 수 있다.',114),(618,'The little girl had her passport ready to visit her grandma in another country.','그 어린 소녀는 다른 나라에 있는 할머니를 방문하기 위해 여권을 준비했다.',115),(619,'The hot air balloon was colorful and huge.','그 열기구는 화려하고 거대했다.',116),(620,'Up, up, and away in the hot air balloon!','열기구를 타고 위로, 위로, 멀리!',116),(621,'We went on a ride in a hot air balloon and saw the beautiful view.','우리는 열기구를 타고 아름다운 경치를 보았다.',116),(622,'The hot air balloon floated in the sky like a giant bubble.','열기구는 거대한 거품처럼 하늘에 떠 있었다.',116),(623,'I saw a hot air balloon with a smiley face on it.','나는 웃는 얼굴이 그려진 열기구를 보았다.',116),(624,'The hot air balloon pilot used a big flame to make it go up.','열기구 조종사는 큰 불꽃을 이용하여 그것을 상승시켰다.',116),(625,'The hot air balloon looked like a big, round ball in the sky.','그 열기구는 하늘에 있는 크고 둥근 공처럼 보였다.',116),(626,'I want to go on a hot air balloon ride when I grow up.','나는 커서 열기구를 타고 싶다.',116),(627,'The hot air balloon was a big adventure for us.','열기구는 우리에게 큰 모험이었다.',116),(628,'It was so cool to watch the hot air balloon land softly on the ground.','열기구가 부드럽게 땅에 착륙하는 것을 보는 것은 너무 멋졌어요.',116),(629,'My family has a cute little dog named Max.','우리 가족에게는 맥스라는 귀여운 강아지가 있어요.',117),(630,'I like to give my dog treats when he behaves well.','저는 강아지가 잘 행동할 때 간식을 주는 것을 좋아합니다.',117),(631,'My dog loves to chase after his toys and play with me.','제 강아지는 그의 장난감을 쫓아다니며 저와 함께 노는 것을 좋아합니다',117),(632,'Dogs bark to communicate with people.','개들은 사람들과 소통하기 위해 짖습니다.',117),(633,'Puppies are baby dogs that will grow up to be big and strong.','강아지는 크고 튼튼하게 자랄 아기 개입니다.',117),(634,'Dogs wag their tails when they are happy or excited.','개들은 기쁠 때나 신날 때 꼬리를 흔듭니다.',117),(635,'Dogs help people feel safe and protect their homes.','개는 사람들이 안전하다고 느끼고 집을 보호하도록 도와줍니다.',117),(636,'An octagon has eight sides and eight angles.','팔각형은 8개의 변과 8개의 각도를 가지고 있다.',118),(637,'A stop sign is shaped like an octagon.','정지 표시는 팔각형 모양이다.',118),(638,'We drew an octagon in our drawing class today.','우리는 오늘 그림 수업에서 팔각형을 그렸다.',118),(639,'I built a snowman with my friends today!','나는 오늘 친구들과 눈사람을 만들었어!',119),(640,'The piano is a musical instrument that makes beautiful sounds when you play it.','피아노는 당신이 연주할 때 아름다운 소리를 내는 악기입니다.',120),(641,'I like to play the piano and sing songs with my friends.','나는 친구들과 피아노 치는 것과 노래 부르는 것을 좋아한다.',120),(642,'The black and white keys on the piano help me make different musical notes.','피아노의 검은색과 흰색 키는 내가 다른 음악적 음표를 만드는 것을 도와준다.',120),(643,'My piano teacher teaches me how to read music and play songs with both hands.','나의 피아노 선생님은 나에게 음악을 읽는 법과 양손으로 노래를 연주하는 법을 가르쳐 주신다.',120),(644,'I practice playing the piano every day to get better and better at it.','나는 피아노를 점점 더 잘 치기 위해 매일 연습한다.',120),(645,'She loves to ride her skateboard at the park.','그녀는 공원에서 스케이트보드 타는 것을 좋아한다.',121),(646,'He is practicing how to ride his skateboard without falling off.','그는 떨어지지 않고 스케이트보드를 타는 방법을 연습하고 있다.',121),(647,'Mom and Dad watch her do tricks on her skateboard.','엄마와 아빠는 그녀가 스케이트보드에서 묘기를 부리는 것을 지켜본다.',121),(648,'He wants a new skateboard for his birthday.','그는 그의 생일에 새로운 스케이트보드를 원한다.',121),(649,'She has a cool skateboard with colorful designs.','그녀는 화려한 디자인의 멋진 스케이트보드를 가지고 있다.',121),(650,'He learned how to ollie on his skateboard.','그는 스케이트보드에서 거짓말하는 법을 배웠다.',121),(651,'She likes to ride her skateboard with her friends.','그녀는 친구들과 스케이트보드 타는 것을 좋아한다.',121),(652,'He wears a helmet and pads to stay safe while skateboarding.','그는 스케이트보드를 타는 동안 안전하게 지내기 위해 헬멧과 패드를 착용합니다.',121),(653,'She carries her skateboard everywhere she goes.','그녀는 가는 곳마다 스케이트보드를 가지고 다닌다.',121),(654,'He was so happy when he landed a new trick on his skateboard.','그는 스케이트보드에 새로운 기술을 넣었을 때 매우 행복했습니다.',121),(655,'The pig says oink, oink!','돼지가 꿀꺽꿀꺽!',122),(656,'The farmer feeds the pig.','농부는 돼지에게 먹이를 준다.',122),(657,'The little piggy went to market.','그 작은 돼지는 시장에 갔다.',122),(658,'The pig rolled in the mud.','돼지가 진흙 속에서 뒹굴었다.',122),(659,'The mama pig had three little piglets.','엄마 돼지는 아기 돼지 세 마리를 낳았다.',122),(660,'The pig loves to eat apples.','돼지는 사과 먹는 것을 좋아한다.',122),(661,'We saw a big pig at the farm.','우리는 농장에서 큰 돼지를 보았다.',122),(662,'The pig has a curly tail.','돼지는 꼬리가 꼬불꼬불하다.',122),(663,'I drew a picture of a pig with pink crayons.','나는 분홍색 크레용으로 돼지 그림을 그렸다.',122),(664,'The pig lives in a pen.','돼지는 펜 안에서 산다.',122),(665,'Look at the owl, it can see in the dark!','부엉이를 보세요, 그것은 어둠 속에서도 볼 수 있어요!',123),(666,'The owl hoots loudly at night.','부엉이는 밤에 크게 웁니다.',123),(667,'A triangle has three sides and three corners!','삼각형은 세 개의 변과 세 개의 모서리를 가지고 있습니다!',124),(668,'I love wearing my colorful flip flops to school.','나는 화려한 슬리퍼를 신고 학교에 가는 것을 좋아해.',125),(669,'My favorite flip flops have cartoon characters on them.','내가 가장 좋아하는 슬리퍼는 만화 캐릭터가 그려져 있어.',125),(670,'We wear flip flops when we go to the beach.','우리는 해변에 갈 때 슬리퍼를 신는다.',125),(671,'I like the sound of flip flops when I walk.','나는 걸을 때 뒤집히는 소리가 좋다.',125),(672,'Look at the colorful butterfly fluttering by!','알록달록한 나비가 날아다니는 것을 보세요!',126),(673,'The caterpillar turns into a beautiful butterfly.','애벌레는 아름다운 나비로 변한다.',126),(674,'We drew pictures of butterflies with bright wings.','우리는 밝은 날개를 가진 나비들의 그림을 그렸다.',126),(675,'The butterfly landed on the flower to drink nectar.','나비는 꽃꿀을 마시기 위해 꽃에 착지했다.',126),(676,'I have a new cooler to keep my food fresh at school.','나는 학교에서 내 음식을 신선하게 유지하기 위해 새로운 냉각기를 가지고 있다.',127),(677,'The ice cream in the cooler is melting slowly.','냉장고 안의 아이스크림이 천천히 녹고 있다',127),(678,'I love playing tennis with my new tennis racquet!','나는 내 새 테니스 라켓으로 테니스 치는 것을 좋아해!',128),(679,'My tennis racquet is blue and yellow.','내 테니스 라켓은 파란색과 노란색이다.',128),(680,'When I hit the ball with my tennis racquet, it makes a fun sound.','내가 테니스 라켓으로 공을 칠 때, 그것은 재미있는 소리를 낸다.',128),(681,'The hedgehog is a small, spiky animal.','고슴도치는 작고 뾰족한 동물이다.',129),(682,'I love to see the cow in the pasture.','나는 목초지에서 소를 보는 것을 좋아한다.',130),(683,'Cows give us milk to drink.','소는 우리에게 마실 우유를 준다.',130),(684,'The farmer feeds the cows hay.','농부는 소들에게 건초를 먹인다.',130),(685,'I drank juice from my cup.','나는 내 컵에서 주스를 마셨다.',132),(686,'Mommy gave me a cup of water.','엄마는 나에게 물 한 컵을 주셨다.',132),(687,'I put my yellow cup on the table.','나는 내 노란색 컵을 테이블 위에 놓았다.',132),(688,'I filled my cup with milk.','나는 컵에 우유를 채웠다.',132),(689,'Daddy and I shared a cup of hot cocoa.','아빠와 나는 뜨거운 코코아 한 잔을 나눠 마셨다.',132),(690,'I made a tower with my plastic cups.','나는 플라스틱 컵으로 탑을 만들었다.',132),(691,'My teacher gave me a cup of paint.','선생님은 나에게 물감 한 컵을 주셨다.',132),(692,'I saw a bug crawling inside my cup.','나는 내 컵 안에서 벌레가 기어가는 것을 보았다.',132),(693,'I put all my crayons in my purple cup.','나는 나의 모든 크레용을 보라색 컵에 넣었다.',132),(694,'I made a funny face in the mirror using my cup as a hat.','나는 거울 속에서 내 컵을 모자로 사용하여 우스꽝스러운 표정을 지었다.',132),(695,'The teacher used a megaphone to call all the students to the playground. ','선생님은 메가폰을 사용하여 모든 학생들을 운동장으로 불렀다.',133),(696,'We can hear the cheerleaders loud and clear through their megaphones. ','우리는 그들의 메가폰을 통해 치어리더들의 소리를 크고 명확하게 들을 수 있다.',133),(697,'The police officer uses a megaphone to give instructions during an emergency. ','그 경찰관은 비상시에 지시를 내리기 위해 메가폰을 사용한다.',133),(698,'I saw a beautiful wine glass on the table at the dinner party.','나는 저녁 파티에서 테이블 위에 있는 아름다운 와인잔을 보았다.',135),(699,'My mommy loves to drink juice from her fancy wine glass.','우리 엄마는 화려한 와인잔에서 주스를 마시는 것을 좋아하셔.',135),(700,'When we clink our wine glasses together, it makes a cool sound.','우리가 와인잔을 서로 찰싹찰싹 할 때, 그것은 시원한 소리를 냅니다.',135),(701,'I love reading books with my kindergarten class.','나는 유치원 반에서 책 읽는 것을 좋아해.',136),(702,'The teacher read a story from a big book at circle time.','선생님은 서클 시간에 큰 책에서 이야기를 읽으셨다.',136),(703,'I borrowed a book about farm animals from the kindergarten library.','나는 유치원 도서관에서 농장 동물에 관한 책을 빌렸다.',136),(704,'Today, we are learning to write our names in our book of handwriting practice.','오늘, 우리는 필기 연습장에서 우리의 이름을 쓰는 것을 배우고 있습니다.',136),(705,'Benjamin Bunny is my favorite character in the book we read last week.','벤자민 버니는 우리가 지난 주에 읽은 책에서 내가 가장 좋아하는 캐릭터야.',136),(706,'We made our own mini-books in art class.','우리는 미술 시간에 우리만의 미니 책을 만들었어요.',136),(707,'The kindergarten students were excited to take home their new reading books from the school library.','유치원생들은 학교 도서관에서 그들의 새 독서 책을 집으로 가져가서 신이 났다.',136),(708,'I like to read picture books with lots of colorful illustrations.','나는 알록달록한 삽화가 많은 그림책을 읽는 것을 좋아한다.',136),(709,'We use our book bins to keep our books organized and tidy.','우리는 책을 정리하고 정돈하기 위해 책 보관함을 사용합니다.',136),(710,'The kindergartners practiced counting by stacking their books into towers.','유치원생들은 책을 탑에 쌓아 세는 연습을 했다.',136),(711,'The saxophone makes a beautiful sound.','색소폰은 아름다운 소리를 낸다.',137),(712,'My friend plays the saxophone in the school band.','내 친구는 학교 밴드에서 색소폰을 연주한다.',137),(713,'I love dancing to the music of the saxophone.','나는 색소폰 음악에 맞춰 춤추는 것을 좋아한다.',137),(714,'The saxophone has a big, curved shape.','색소폰은 크고 구부러진 모양을 하고 있다.',137),(715,'I want to learn how to play the saxophone one day.','나는 언젠가 색소폰 연주를 배우고 싶다.',137),(716,'When the saxophone plays, it sounds like a cool breeze.','색소폰이 연주될 때, 그것은 시원한 바람처럼 들린다.',137),(717,'The saxophone player can make the music go up and down.','색소폰 연주자는 음악을 오르락내리락하게 만들 수 있다.',137),(718,'The saxophone is one of the instruments in a jazz band.','색소폰은 재즈 밴드의 악기 중 하나이다.',137),(719,'The pool is filled with water and we can swim in it.','그 수영장은 물로 가득 차 있고 우리는 그 안에서 수영할 수 있다.',138),(720,'We can wear our swimsuits and floaties when we go to the pool.','우리는 수영장에 갈 때 수영복과 부티를 입을 수 있다.',138),(721,'I love jumping into the pool and making a big splash.','나는 수영장에 뛰어들어 큰 물보라 치는 것을 좋아한다.',138),(722,'The fireplace keeps us warm and toasty on a cold winter night.','벽난로는 추운 겨울 밤에 우리를 따뜻하고 편안하게 해줍니다.',139),(723,'We love to roast marshmallows in the fireplace.','우리는 벽난로에서 마시멜로를 굽는 것을 좋아한다.',139),(724,'Santa Claus comes down the chimney and leaves presents by the fireplace.','산타클로스는 굴뚝을 타고 내려와 벽난로 옆에 선물을 두고 갑니다.',139),(725,'The crackling sound of the fire in the fireplace is so comforting.','벽난로에서 탁탁거리는 불소리가 너무 위로가 된다.',139),(726,'We enjoy reading stories by the fireplace before bedtime.','우리는 자기 전에 벽난로 옆에서 이야기를 읽는 것을 즐긴다.',139),(727,'The fireplace has a beautiful mantle where we display pictures and decorations.','벽난로에는 우리가 그림과 장식을 전시하는 아름다운 맨틀이 있다.',139),(728,'We hang our stockings by the fireplace on Christmas Eve.','우리는 크리스마스 이브에 양말을 벽난로 옆에 걸어둔다.',139),(729,'We gather around the fireplace with our family and friends to celebrate holidays.','우리는 휴일을 기념하기 위해 가족과 친구들과 벽난로 주변에 모입니다.',139),(730,'The fireplace creates a cozy atmosphere in the living room.','벽난로가 거실에 아늑한 분위기를 자아낸다.',139),(731,'We decorate the fireplace with garlands and lights during the holiday season.','우리는 휴가철에 화환과 조명으로 벽난로를 장식한다.',139),(732,'The mermaid swam gracefully through the ocean.','인어공주는 우아하게 바다를 헤엄쳐 지나갔다.',140),(733,'The little girl imagined herself as a mermaid, with a sparkly tail and seashell crown.','그 어린 소녀는 반짝이는 꼬리와 조개껍질 왕관을 가진 인어라고 상상했다.',140),(734,'Ariel is a famous mermaid from the movie The Little Mermaid.','아리엘은 영화 인어공주의 유명한 인어입니다',140),(735,'Mermaids love to sing and play with dolphins.','인어들은 돌고래들과 노래하고 노는 것을 좋아합니다.',140),(736,'I saw a mermaid at the beach today! She had beautiful green hair and a shimmering tail.','나는 오늘 해변에서 인어공주를 봤어! 그녀는 아름다운 녹색 머리와 반짝이는 꼬리를 가지고 있었다.',140),(737,'Mermaids are magical creatures who live in the sea.','인어들은 바다에 사는 마법의 동물들입니다.',140),(738,'The mermaid explored the coral reef and found a treasure chest full of pearls.','인어공주는 산호초를 탐험했고 진주로 가득 찬 보물상자를 발견했다.',140),(739,'I wish I could be a mermaid and live in a castle under the sea.','나는 인어가 되어서 바다 밑의 성에서 살고 싶다.',140),(740,'The mermaid gave a kiss to the prince and saved him from drowning.','인어공주는 왕자에게 키스를 했고 물에 빠진 왕자를 구했습니다.',140),(741,'Mermaids like to collect shiny objects, like shells and pearls.','인어들은 조개껍질이나 진주와 같은 빛나는 물체를 모으는 것을 좋아한다.',140),(742,'I got a beautiful new bracelet from my grandma.','나는 할머니께 아름다운 새 팔찌를 받았어.',142),(743,'The elephant has a long trunk that can pick up things.','코끼리는 물건을 집을 수 있는 긴 코를 가지고 있다.',143),(744,'Elephants are very big animals with grey skin.','코끼리는 회색 피부를 가진 매우 큰 동물이다.',143),(745,'Elephants love to eat leaves, branches, and grass.','코끼리는 나뭇잎, 나뭇가지, 풀을 먹는 것을 좋아합니다.',143),(746,'The baby elephant is called a calf and is very cute.','아기 코끼리는 송아지라고 불리며 매우 귀엽습니다.',143),(747,'Elephants can walk long distances in search of food and water.','코끼리들은 먹이와 물을 찾아 먼 거리를 걸을 수 있다.',143),(748,'Some people ride on elephants for fun or to work.','어떤 사람들은 재미로 또는 일하기 위해 코끼리를 탄다.',143),(749,'Elephants have big, floppy ears that help them cool down.','코끼리들은 그들이 더위를 식히도록 도와주는 크고 플로피한 귀를 가지고 있습니다.',143),(750,'Elephants live in groups called herds and take care of each other.','코끼리들은 무리라고 불리는 무리를 지어 살고 서로를 돌본다.',143),(751,'Elephants use their trunks to communicate and trumpet loudly.','코끼리들은 큰 소리로 의사소통하고 트럼펫을 불기 위해 그들의 코를 사용한다.',143),(752,'Elephants are amazing animals and we should protect them.','코끼리는 놀라운 동물이고 우리는 코끼리를 보호해야 합니다.',143),(753,'The pickup truck is a big, strong vehicle.','픽업 트럭은 크고 튼튼한 차량입니다.',144),(754,'The farmer drives his pickup truck to carry hay.','농부는 건초를 나르기 위해 픽업 트럭을 운전한다.',144),(755,'The pickup truck can help us move heavy things.','픽업 트럭은 우리가 무거운 것들을 옮기는 것을 도와줄 수 있다.',144),(756,'The pickup truck has a big bed in the back to carry things.','픽업 트럭은 뒤에 물건을 운반할 수 있는 큰 침대가 있다.',144),(757,'The pickup truck makes a loud rumbling sound.','픽업 트럭이 요란하게 우르릉거리는 소리를 낸다.',144),(758,'The pickup truck can go off-road and climb hills.','픽업 트럭은 오프로드를 타고 언덕을 오를 수 있다.',144),(759,'My dad drives a pickup truck to work.','아빠는 픽업트럭을 타고 출근하신다.',144),(760,'The construction workers use a pickup truck to bring their tools.','건설 인부들이 공구를 가져오기 위해 픽업 트럭을 사용한다.',144),(761,'The pickup truck is great for hauling firewood.','픽업 트럭은 장작을 운반하는 데 아주 좋다.',144),(762,'I like the color of the shiny red pickup truck.','나는 빛나는 빨간 픽업 트럭의 색깔이 마음에 든다.',144),(763,'I ride my bicycle to school every day. ','나는 매일 자전거를 타고 학교에 간다.',145),(764,'My bicycle has two wheels and pedals. ','내 자전거는 두 개의 바퀴와 페달이 있다.',145),(765,'I wear a helmet when I ride my bicycle. ','나는 자전거를 탈 때 헬멧을 쓴다.',145),(766,'Riding a bicycle is a fun way to exercise. ','자전거를 타는 것은 운동하는 재미있는 방법입니다.',145),(767,'My favorite color for a bicycle is red. ','내가 가장 좋아하는 자전거 색깔은 빨간색이다.',145),(768,'I need to put air in the tires of my bicycle. ','자전거 타이어에 바람을 넣어야 해요.',145),(769,'My bicycle basket is perfect for carrying things. ','내 자전거 바구니는 물건을 나르기에 완벽하다.',145),(770,'I can ride my bicycle faster than I can run. ','나는 내가 달릴 수 있는 것보다 내 자전거를 더 빨리 탈 수 있다.',145),(771,'My parents helped me learn how to ride a bicycle. ','우리 부모님은 내가 자전거 타는 법을 배우는 것을 도와주셨다.',145),(772,'I like to ring the bell on my bicycle to say hello.','나는 인사하기 위해 자전거의 벨을 누르는 것을 좋아한다.',145),(773,'I went snorkeling in the ocean and saw lots of colorful fish.','나는 바다에서 스노클링을 했고 많은 다채로운 물고기들을 보았다.',147),(774,'The snorkel helped me breathe underwater and explore the coral reef.','스노클은 내가 물속에서 숨을 쉬고 산호초를 탐험하는 것을 도와주었다.',147),(775,'My favorite thing to do on vacation is snorkel in the crystal clear water.','내가 휴가 때 가장 좋아하는 것은 수정처럼 맑은 물에서 스노클링을 하는 것이다.',147),(776,'I saw a really big sea turtle while snorkeling with my family.','나는 가족들과 스노클링을 하는 동안 정말 큰 바다 거북이를 봤어.',147),(777,'Snorkeling is like being a fish, you can swim and breathe underwater just like them!','스노클링은 물고기가 되는 것과 같아서, 여러분은 그들처럼 물 속에서 수영하고 숨을 쉴 수 있습니다!',147),(778,'I put on my snorkel and flippers, and jumped into the water to explore.','나는 스노클과 오리발을 신고 탐험을 위해 물속으로 뛰어들었다.',147),(779,'When you go snorkeling, you need to make sure your mask and snorkel are secure.','스노클링을 할 때, 마스크와 스노클이 안전한지 확인해야 합니다.',147),(780,'There are so many amazing things to see and discover when you go snorkeling.','스노클링을 하러 가면 보고 발견할 수 있는 놀라운 것들이 매우 많습니다.',147),(781,'Look at the colorful parrot! It has red, yellow, and blue feathers.','이 화려한 앵무새를 보세요! 그것은 빨간색, 노란색, 그리고 파란색 깃털을 가지고 있습니다.',148),(782,'The parrot says \"Polly wants a cracker!\"\"\"','앵무새는 \"폴리는 크래커를 원해요!\"\"라고 말합니다\"',148),(783,'My friend has a pet parrot that can talk. ','내 친구는 말할 수 있는 애완 앵무새를 가지고 있다.',148),(784,'I have a microphone to sing songs in my kindergarten class.','나는 유치원 수업에서 노래를 부를 수 있는 마이크를 가지고 있다.',149),(785,'The teacher used a microphone to read us a story.','선생님은 우리에게 이야기를 읽어주기 위해 마이크를 사용했다.',149),(786,'We used a microphone during our class show and tell.','우리는 수업 쇼와 텔에서 마이크를 사용했습니다.',149),(787,'The school assembly had a big microphone for the principal to speak with.','그 학교 집회에는 교장이 이야기할 수 있는 큰 마이크가 있었다.',149),(788,'I got to use a microphone to say my lines in the school play.','나는 학교 연극에서 대사를 말하기 위해 마이크를 사용하게 되었다.',149),(789,'The little duck waddled through the pond.','그 작은 오리는 연못을 뒤뚱뒤뚱 걸어갔다.',150),(790,'The mama duck gathered her ducklings under her wings to keep them warm.','엄마 오리는 아기 오리들을 따뜻하게 하기 위해 날개 밑에 모았다.',150),(791,'The yellow duck was splashing in the puddles.','노란 오리가 웅덩이에서 첨벙거리고 있었다.',150),(792,'The duck quacked loudly to say hello to the other animals.','그 오리는 다른 동물들에게 인사하기 위해 크게 꽥꽥거렸다.',150),(793,'I like to eat peas with my dinner.','나는 저녁과 함께 완두콩을 먹는 것을 좋아한다.',151),(794,'Peas are a healthy vegetable.','완두콩은 건강에 좋은 채소이다.',151),(795,'The color of peas is green.','완두콩의 색깔은 녹색이다.',151),(796,'Peas grow in a pod.','완두콩은 꼬투리 안에서 자란다.',151),(797,'Peas are round and small.','완두콩은 둥글고 작다.',151),(798,'I planted peas in my garden.','나는 정원에 완두콩을 심었다.',151),(799,'I like to play with peas on my plate.','나는 내 접시에 완두콩을 가지고 노는 것을 좋아한다.',151),(800,'Peas are good for my body.','완두콩은 내 몸에 좋다.',151),(801,'I can count how many peas are in my bowl.','나는 내 그릇에 얼마나 많은 완두콩이 들어 있는지 셀 수 있다.',151),(802,'My mom makes yummy pea soup.','우리 엄마는 맛있는 완두콩 수프를 만드신다.',151),(803,'The brain is in our head and helps us think and learn.','뇌는 우리의 머리 속에 있고 우리가 생각하고 배울 수 있도록 도와줍니다.',152),(804,'When we read or do math, our brain is working hard.','우리가 책을 읽거나 수학을 할 때, 우리의 뇌는 열심히 일하고 있습니다.',152),(805,'Our brain helps us remember things like our favorite color.','우리의 뇌는 우리가 가장 좋아하는 색과 같은 것들을 기억하도록 도와줍니다.',152),(806,'We need to take care of our brain by eating healthy foods and getting enough sleep.','우리는 건강에 좋은 음식을 먹고 충분한 수면을 취함으로써 우리의 뇌를 돌봐야 합니다.',152),(807,'When we exercise and play, our brain feels happy and healthy.','우리가 운동하고 놀 때, 우리의 뇌는 행복하고 건강함을 느낍니다.',152),(808,'I can use my finger to draw a picture.','나는 손가락으로 그림을 그릴 수 있다.',153),(809,'We go to church to learn about God.','우리는 하나님에 대해 배우기 위해 교회에 갑니다.',154),(810,'We sing songs and pray at church.','우리는 교회에서 노래를 부르고 기도합니다.',154),(811,'I saw a red car driving down the road.','나는 빨간 차가 길을 따라 달리는 것을 보았다.',155),(812,'We went on a car ride to the park.','우리는 공원으로 차를 타고 갔다.',155),(813,'My dad drives a blue car to work.','아빠는 파란색 차를 타고 출근하신다.',155),(814,'I love playing with my toy car.','나는 내 장난감 자동차를 가지고 노는 것을 좋아한다.',155),(815,'The car honked its horn as it drove by.','차가 지나갈 때 경적을 울렸다.',155),(816,'We need to buckle up and wear our seatbelts in the car.','우리는 안전벨트를 매고 차 안에서 안전벨트를 매야 한다.',155),(817,'I can see lots of cars on the highway.','나는 고속도로에서 많은 차들을 볼 수 있다.',155),(818,'My mom and I like singing songs in the car.','엄마와 나는 차에서 노래 부르는 것을 좋아한다.',155),(819,'The car has four wheels that help it move.','그 차는 4개의 바퀴가 있어 이동을 돕는다.',155),(820,'We need to fill up the gas tank before we can go on a car trip.','우리는 자동차 여행을 가기 전에 기름 탱크를 가득 채워야 한다.',155),(821,'I am wearing a blue t-shirt today.','나는 오늘 파란색 티셔츠를 입고 있다.',156),(822,'My t-shirt has a colorful print of a unicorn.','내 티셔츠에는 유니콘의 화려한 무늬가 있다.',156),(823,'I sat on a big blue chair in the classroom.','나는 교실에 있는 크고 파란 의자에 앉았다.',157),(824,'The teacher asked me to find a chair and sit down.','선생님은 나에게 의자를 찾아서 앉으라고 하셨다.',157),(825,'I like to draw pictures of chairs with different colors.','나는 다양한 색의 의자 그림 그리는 것을 좋아한다.',157),(826,'We played musical chairs and had so much fun!','우리는 뮤지컬 의자를 가지고 놀았고 매우 재미있었어!',157),(827,'My favorite chair is the one with a fluffy cushion.','내가 가장 좋아하는 의자는 푹신한 쿠션이 있는 의자이다.',157),(828,'The three little bears had three different sized chairs.','세 마리의 작은 곰들은 세 개의 다른 크기의 의자를 가지고 있었습니다.',157),(829,'I learned how to build a chair with blocks during playtime.','나는 놀이 시간에 블록으로 의자를 만드는 법을 배웠다.',157),(830,'I accidentally knocked over a chair and said sorry to my friend.','나는 실수로 의자를 넘어뜨리고 친구에게 미안하다고 말했어.',157),(831,'We organized the chairs neatly in a circle for storytime.','우리는 이야기 시간을 위해 의자를 원 모양으로 가지런히 정리했다.',157),(832,'The chair in the library was perfect for reading my favorite book.','도서관의 의자는 내가 가장 좋아하는 책을 읽기에 완벽했다.',157),(833,'We went on a canoe ride in the lake.','우리는 호수에서 카누를 탔다.',158),(834,'The canoe is a small boat that we paddle with a paddle.','카누는 우리가 노로 젓는 작은 배이다.',158),(835,'We saw ducks and fish while canoeing.','우리는 카누를 타면서 오리와 물고기를 보았다.',158),(836,'My dad and I went on a canoe trip and had lots of fun!','아빠와 나는 카누 여행을 갔고 매우 재미있게 놀았어!',158),(837,'The canoe is blue and white and made of lightweight materials.','그 카누는 파란색과 흰색이고 가벼운 재료로 만들어졌다.',158),(838,'Canoeing is a fun way to explore nature.','카누는 자연을 탐험하는 재미있는 방법이다.',158),(839,'We learned how to hold the paddle and steer the canoe.','우리는 노를 잡고 카누를 조종하는 법을 배웠다.',158),(840,'We wore life jackets while in the canoe to stay safe.','우리는 안전하게 지내기 위해 카누를 타는 동안 구명조끼를 입었다.',158),(841,'Our class went on a canoe field trip and saw a beaver dam.','우리 반은 카누 견학을 갔고 비버 댐을 보았다.',158),(842,'The canoe moved slowly and quietly through the water.','카누는 물속을 천천히 조용히 나아갔다.',158),(843,'Look at the clock to see what time it is.','지금이 몇 시인지 시계를 보세요.',159),(844,'I have a red jacket that keeps me warm on cold days.','나는 추운 날 따뜻하게 해주는 빨간 재킷을 가지고 있어.',160),(845,'My best friend likes to wear a blue jacket to school.','나의 가장 친한 친구는 파란색 자켓을 입고 학교에 가는 것을 좋아한다.',160),(846,'When it rains, I wear my yellow rain jacket to stay dry.','비가 올 때, 나는 건조함을 유지하기 위해 노란색 레인 재킷을 입습니다.',160),(847,'Sometimes I forget my jacket at home and feel chilly outside.','때때로 나는 재킷을 집에 두고 와서 밖이 춥다고 느낀다.',160),(848,'My mom bought me a new jacket for the winter season.','엄마가 겨울 시즌을 위해 새 재킷을 사주셨다.',160),(849,'I love wearing my favorite jacket with a hood to play outside.','나는 밖에서 놀기 위해 후드가 달린 내가 가장 좋아하는 재킷을 입는 것을 좋아한다.',160),(850,'My teacher said we need to wear our jackets for recess today.','선생님이 오늘 쉬는 시간에 재킷을 입어야 한다고 말씀하셨어.',160),(851,'My jacket has a zipper and buttons that I can learn to fasten myself.','내 재킷에는 지퍼와 단추가 있어서 스스로 잠그는 법을 배울 수 있다.',160),(852,'My dad wore his leather jacket to our family picnic.','아빠는 우리 가족 소풍에 가죽 재킷을 입으셨다.',160),(853,'I like to hug myself tight in my warm jacket when I feel scared or cold.','나는 내가 무섭거나 추울 때 따뜻한 재킷을 입고 나 자신을 꽉 껴안는 것을 좋아해.',160),(854,'The teacher used a drill to make a hole in the wall for our artwork.','선생님은 우리의 예술 작품을 위해 벽에 구멍을 내기 위해 드릴을 사용했다.',161),(855,'We practiced our letter recognition with a drill activity.','우리는 연습 활동으로 글자 인식을 연습했다.',161),(856,'The construction workers used a noisy drill to make holes in the ground.','건설 인부들은 땅에 구멍을 내기 위해 시끄러운 드릴을 사용했다.',161),(857,'The dentist used a dental drill to fix my tooth.','치과의사는 내 치아를 치료하기 위해 치과용 드릴을 사용했다.',161),(858,'In kindergarten, we learned how to safely use a toy drill for building blocks. ','유치원에서, 우리는 블록 쌓기를 위해 장난감 드릴을 안전하게 사용하는 방법을 배웠습니다.',161),(859,'The fire department demonstrated how they use a drill to practice emergency procedures. ','소방서는 비상 절차를 연습하기 위해 훈련을 어떻게 사용하는지를 시연했다.',161),(860,'We used a hand drill to make holes in our pumpkin for Halloween. ','우리는 할로윈을 위해 호박에 구멍을 내기 위해 손 드릴을 사용했어요.',161),(861,'The mechanic used a drill to remove the old tires and replace them with new ones. ','정비사는 드릴을 사용하여 낡은 타이어를 제거하고 새 타이어로 교체했다.',161),(862,'During a science experiment, we used a drill to make holes in an eggshell without breaking it. ','과학 실험 중에, 우리는 계란 껍질을 깨지 않고 구멍을 내기 위해 드릴을 사용했습니다.',161),(863,'Our teacher taught us how to use a drill to make a birdhouse during a woodworking lesson.','우리 선생님은 목공 수업 중에 새집을 만들기 위해 드릴을 사용하는 방법을 가르쳐 주셨어.',161),(864,'Asparagus is a type of vegetable that is green and long.','아스파라거스는 녹색이고 긴 채소의 한 종류이다.',162),(865,'I love to eat asparagus with cheese on top.','나는 치즈가 얹힌 아스파라거스를 먹는 것을 좋아한다.',162),(866,'Asparagus helps keep our body healthy and strong.','아스파라거스는 우리 몸을 건강하고 튼튼하게 유지하는데 도움을 줍니다.',162),(867,'Asparagus can be cooked in many different ways, like roasted or boiled.','아스파라거스는 볶거나 삶는 것과 같은 다양한 방법으로 요리될 수 있다.',162),(868,'Asparagus grows in the ground like other vegetables.','아스파라거스는 다른 채소들처럼 땅에서 자란다.',162),(869,'Asparagus is a great source of vitamins and minerals.','아스파라거스는 비타민과 미네랄의 훌륭한 공급원입니다.',162),(870,'Asparagus is fun to eat because it makes my pee smell funny! (Note: This sentence may not be appropriate for all classrooms.)','아스파라거스는 내 오줌 냄새를 이상하게 만들기 때문에 먹는 것이 재미있다! (참고: 이 문장은 모든 교실에 적합하지 않을 수 있습니다.)',162),(871,'The police car drove by with its lights flashing.','경찰차가 불빛을 번쩍이며 지나갔다.',163),(872,'The police officer waved at us from inside the police car.','경찰관은 경찰차 안에서 우리에게 손을 흔들었다.',163),(873,'We saw a police car parked at the corner of the street.','우리는 길모퉁이에 경찰차가 주차되어 있는 것을 보았다.',163),(874,'The police car helps keep us safe in our community.','경찰차는 우리 지역사회에서 우리를 안전하게 지켜준다.',163),(875,'A hexagon has six sides and six corners.','육각형은 6개의 변과 6개의 모서리를 가지고 있다.',164),(876,'The students learned about a historical cannon in their social studies lesson.','학생들은 사회 수업에서 역사적인 대포에 대해 배웠습니다.',165),(877,'The cannon made a loud boom when it was fired during the reenactment.','재연 중에 대포가 발사되었을 때 큰 소리를 냈다.',165),(878,'The teacher showed the students a picture of a cannon and asked them to draw their own.','선생님은 학생들에게 대포의 그림을 보여주고 그들에게 자신의 그림을 그려달라고 부탁했습니다.',165),(879,'The kindergarten class went on a field trip to see a cannon at a nearby fort.','유치원 학급은 근처 요새에서 대포를 보기 위해 견학을 갔다.',165),(880,'The little boy dressed up as a soldier and pretended to fire a cannon during dress-up time.','어린 소년은 군인 복장을 하고 분장 시간에 대포를 쏘는 시늉을 했다.',165),(881,'The class sang a song about cannons during their music lesson.','그 반 학생들은 음악 시간에 대포에 관한 노래를 불렀습니다.',165),(882,'The students learned how soldiers used cannons to defend their forts during the Civil War.','학생들은 남북 전쟁 동안 군인들이 어떻게 대포를 사용하여 요새를 방어하는지 배웠습니다.',165),(883,'The class made a craft out of paper and cardboard to recreate a cannon.','그 학급은 대포를 재현하기 위해 종이와 판지로 공예품을 만들었다.',165),(884,'The teacher read a story about a cannon that was used to protect a castle from invaders.','선생님은 침략자들로부터 성을 보호하기 위해 사용된 대포에 관한 이야기를 읽었습니다.',165),(885,'The kindergarten students were amazed when they saw the cannon shoot out a ball of fire during a demonstration.','유치원생들은 시위 도중 대포가 불덩어리를 쏘는 것을 보고 놀랐다.',165),(886,'I use a remote control to change the TV channel.','나는 TV 채널을 바꾸기 위해 리모컨을 사용한다.',166),(887,'My dad uses a remote control to turn on the air conditioner.','우리 아빠는 에어컨을 켜기 위해 리모컨을 사용한다.',166),(888,'The teacher uses a remote control to turn off the lights.','선생님은 리모콘으로 불을 끈다.',166),(889,'I love to play with my toy car that has a remote control.','나는 리모컨이 있는 내 장난감 자동차를 가지고 노는 것을 좋아한다.',166),(890,'The robot at the science museum can be controlled with a remote control.','과학관의 로봇은 리모컨으로 조종할 수 있다.',166),(891,'My mom uses a remote control to open the garage door.','엄마는 리모컨으로 차고 문을 여신다.',166),(892,'We can change the volume of the music using a remote control.','우리는 리모컨을 사용하여 음악의 볼륨을 바꿀 수 있다.',166),(893,'My little brother always wants to play with my remote control car.','내 남동생은 항상 내 리모컨 차를 가지고 놀기를 원한다.',166),(894,'The movie theater uses a remote control to dim the lights before the movie starts.','영화관은 영화가 시작되기 전에 리모컨을 사용하여 조명을 어둡게 합니다.',166),(895,'I wish I could use a remote control to control the weather!','날씨를 조절하기 위해 리모컨을 사용할 수 있었으면 좋겠어!',166),(896,'The trombone player made loud and happy music.','트롬본 연주자는 크고 행복한 음악을 만들었다.',167),(897,'The trombone is a big and shiny instrument.','트롬본은 크고 빛나는 악기이다.',167),(898,'I love the sound of the trombone in my favorite song.','나는 내가 가장 좋아하는 노래의 트롬본 소리를 좋아한다.',167),(899,'Our marching band has many talented trombone players.','우리 마칭 밴드에는 재능 있는 트롬본 연주자들이 많이 있다.',167),(900,'I love to eat juicy strawberries.','나는 즙이 많은 딸기를 먹는 것을 좋아한다.',168),(901,'Strawberries are red and heart-shaped.','딸기는 빨간색이고 하트 모양입니다.',168),(902,'Mommy packed me some strawberries in my lunchbox.','엄마는 내 도시락에 딸기를 싸주셨다.',168),(903,'We picked fresh strawberries at the farm.','우리는 농장에서 신선한 딸기를 땄다.',168),(904,'Strawberry ice cream is my favorite flavor.','딸기 아이스크림은 내가 가장 좋아하는 맛이다.',168),(905,'Strawberries are a healthy snack.','딸기는 건강에 좋은 간식입니다.',168),(906,'Baby birds love to eat strawberries too.','아기 새들도 딸기 먹는 것을 좋아합니다.',168),(907,'I made a strawberry smoothie for breakfast.','나는 아침으로 딸기 스무디를 만들었다.',168),(908,'The honey bees love to collect nectar from strawberry flowers.','꿀벌들은 딸기 꽃에서 꿀을 모으는 것을 좋아합니다.',168),(909,'We decorated our cupcakes with strawberry frosting.','우리는 딸기 프로스팅으로 컵케이크를 장식했다.',168),(910,'The harp is a beautiful musical instrument with many strings.','하프는 많은 현을 가진 아름다운 악기입니다.',169),(911,'I love listening to the soothing sound of the harp.','나는 하프의 잔잔한 소리를 듣는 것을 좋아한다.',169),(912,'Our music teacher showed us how to play a simple song on the harp.','우리 음악 선생님은 우리에게 하프로 간단한 노래를 연주하는 방법을 가르쳐 주셨다.',169),(913,'Do you want to try playing the miniature harp in our playing area?','우리 놀이터에서 미니어처 하프를 연주해볼래?',169),(914,'The fairy played enchanting melodies on her magical harp.','요정은 마법의 하프로 매혹적인 멜로디를 연주했다.',169),(915,'I love pretending to be a harp player by strumming the strings of my toy harp.','나는 내 장난감 하프의 현을 두드려서 하프 연주자인 척하는 것을 좋아한다.',169),(916,'The harp is often played in orchestras and adds a beautiful sound to the music.','하프는 종종 오케스트라에서 연주되고 음악에 아름다운 소리를 더한다.',169),(917,'Did you know that the harp is one of the oldest instruments in the world?','여러분은 하프가 세계에서 가장 오래된 악기 중 하나라는 것을 알고 있었나요?',169),(918,'The harpist at the concert looked so elegant and graceful while playing the harp.','연주회에 참석한 하프 연주자는 하프를 연주하는 동안 너무나 우아하고 우아해 보였다.',169),(919,'I love to eat delicious watermelon on a hot summer day.','나는 더운 여름날 맛있는 수박을 먹는 것을 좋아한다.',170),(920,'The watermelon is red on the inside with black seeds.','수박은 속이 시커먼 씨앗으로 빨갛다.',170),(921,'I cut my watermelon into small pieces to share with my friends.','나는 친구들과 나누기 위해 수박을 잘게 썰었다.',170),(922,'We had a watermelon seed spitting contest and it was so much fun.','우리는 수박 씨 뱉기 대회를 했는데 너무 재미있었다.',170),(923,'Watermelon is one of my favorite fruits!','수박은 내가 가장 좋아하는 과일 중 하나야!',170),(924,'I like to have watermelon as a refreshing snack after playing outside.','나는 밖에서 놀고 난 후에 시원한 간식으로 수박을 먹는 것을 좋아한다.',170),(925,'Watermelon reminds me of picnics and summer parties.','수박을 먹으면 소풍이나 여름 파티가 생각난다.',170),(926,'Watermelon is juicy and sweet just like candy!','수박은 사탕처럼 즙이 많고 달콤합니다!',170),(927,'I learned how to pick a ripe watermelon at the grocery store with my parents.','나는 부모님과 함께 식료품점에서 잘 익은 수박 따는 법을 배웠어.',170),(928,'I tried watermelon flavored ice cream and it was delicious!','수박맛 아이스크림을 먹어봤는데 맛있었어!',170),(929,'I love eating birthday cake with my friends in kindergarten.','나는 유치원에서 친구들과 생일 케이크를 먹는 것을 좋아한다.',171),(930,'We decorated a delicious vanilla cake with colorful sprinkles.','우리는 알록달록한 스프레이로 맛있는 바닐라 케이크를 장식했다.',171),(931,'Today, we are making banana muffins instead of cake in our kindergarten class.','오늘은 유치원 수업시간에 케이크 대신 바나나 머핀을 만들어요.',171),(932,'The shark is a big fish with sharp teeth.','상어는 날카로운 이빨을 가진 큰 물고기이다.',172),(933,'We went to the aquarium to see the shark swim.','우리는 상어가 수영하는 것을 보기 위해 수족관에 갔다.',172),(934,'The shark has a fin on its back that helps it swim.','상어의 등에는 수영을 돕는 지느러미가 있다.',172),(935,'Some sharks like to eat fish, while others like to eat seals.','어떤 상어들은 물고기를 먹는 것을 좋아하는 반면, 다른 상어들은 물개를 먹는 것을 좋아한다.',172),(936,'Sharks live in the ocean and can be found in many different parts of the world.','상어는 바다에 살고 있고 세계의 많은 다른 지역에서 발견될 수 있다.',172),(937,'The hammerhead shark is named after its shaped head that looks like a hammer.','해머헤드 상어는 망치처럼 생긴 머리 모양에서 이름을 따왔다.',172),(938,'Sharks are amazing creatures, but we should always be careful if we are ever near one.','상어는 놀라운 생물이지만, 우리가 상어 근처에 있을 때는 항상 조심해야 합니다.',172),(939,'I love playing in the sand at the beach.','나는 해변에서 모래에서 노는 것을 좋아한다.',173),(940,'The waves at the beach are so fun to jump over!','해변의 파도는 뛰어넘기에 너무 재미있어요!',173),(941,'We found seashells on the sand at the beach.','우리는 해변의 모래 위에서 조개껍질을 발견했다.',173),(942,'I can hear the birds chirping in my ear.','내 귀에서 새들이 지저귀는 소리가 들린다.',174),(943,'My ear is where I can listen to music.','내 귀는 음악을 들을 수 있는 곳이다.',174),(944,'Carrots are crunchy and tasty.','당근은 바삭바삭하고 맛있다.',175),(945,'I love to eat carrots with dip.','나는 당근을 찍어 먹는 것을 좋아한다.',175),(946,'Carrots are orange and grow in the ground.','당근은 오렌지색이고 땅에서 자란다.',175),(947,'Bugs Bunny loves to snack on carrots.','벅스 버니는 당근을 간식으로 먹는 것을 좋아한다.',175),(948,'Carrots are good for your eyes and help you see better.','당근은 여러분의 눈에 좋고 여러분이 더 잘 볼 수 있도록 도와줍니다.',175),(949,'I like to make carrot sticks to bring in my lunchbox.','나는 도시락을 싸오기 위해 당근 스틱을 만드는 것을 좋아한다.',175),(950,'We can make orange paint by mixing red and yellow, just like the color of carrots.','우리는 당근의 색깔처럼 빨간색과 노란색을 섞어서 오렌지색 물감을 만들 수 있습니다.',175),(951,'Carrots can be roasted, boiled, or eaten raw.','당근은 볶거나, 삶거나, 날것으로 먹을 수 있다.',175),(952,'Carrots are a healthy snack option.','당근은 건강에 좋은 간식입니다.',175),(953,'A funny shaped carrot can still taste yummy!','재미있는 모양의 당근은 여전히 맛있을 수 있습니다!',175),(954,'We went camping and slept in our cozy sleeping bags under the stars.','우리는 캠핑을 가서 별 아래서 편안한 침낭에서 잠을 잤다.',176),(955,'My sleeping bag has a cute animal print on it.','내 침낭에는 귀여운 동물 무늬가 있다.',176),(956,'I snuggle up in my sleeping bag every night to go to sleep.','나는 잠을 자기 위해 매일 밤 침낭에 꼭 껴안는다.',176),(957,'When we have sleepovers, we bring our favorite sleeping bags to cuddle in.','우리가 밤에 잠을 잘 때, 우리는 우리가 가장 좋아하는 침낭을 가지고 와서 껴안는다.',176),(958,'I use my nose to smell the flowers.','나는 꽃 냄새를 맡기 위해 코를 사용한다.',177),(959,'The puppy likes to sniff my nose.','그 강아지는 내 코 냄새 맡는 것을 좋아한다.',177),(960,'Your nose is cute and button-shaped.','당신의 코는 귀엽고 단추 모양입니다.',177),(961,'I cover my nose when it’s smelly.','냄새가 날 때는 코를 가립니다.',177),(962,'My nose gets cold when it’s winter.','겨울이면 코가 시려요.',177),(963,'I blow my nose when I have a cold.','나는 감기에 걸리면 코를 푼다.',177),(964,'Your nose helps you breathe air.','당신의 코는 당신이 공기를 마시도록 도와줍니다.',177),(965,'The clown has a big, red nose.','그 광대는 크고 빨간 코를 가지고 있다.',177),(966,'My nose wrinkles when I smell spicy food.','나는 매운 냄새를 맡으면 코가 쭈글쭈글해진다.',177),(967,'The bird’s nose is called a beak.','새의 코는 부리라고 불립니다.',177),(968,'We sat around the campfire telling stories.','우리는 모닥불 주위에 둘러앉아 이야기를 했다.',178),(969,'The marshmallows got toasted over the campfire.','마시멜로가 모닥불에 구워졌다.',178),(970,'We sang songs at the campfire.','우리는 캠프파이어에서 노래를 불렀다.',178),(971,'The firewood was used to start the campfire.','장작은 캠프파이어를 시작하는데 사용되었다.',178),(972,'We roasted hot dogs over the campfire.','우리는 캠프파이어 위에서 핫도그를 구워 먹었다.',178),(973,'The flames from the campfire lit up the dark night.','모닥불에서 뿜어져 나오는 불길이 어두운 밤을 밝혔다.',178),(974,'We stayed warm around the campfire.','우리는 캠프파이어 주변에서 따뜻하게 지냈다.',178),(975,'The logs crackled in the campfire.','통나무들이 캠프파이어에서 탁탁 소리를 냈다.',178),(976,'We take the bus to school every day.','우리는 매일 버스를 타고 학교에 간다.',179),(977,'The bus is big and yellow.','그 버스는 크고 노란색이다.',179),(978,'We sit in our seats on the bus.','우리는 버스에서 우리의 자리에 앉는다.',179),(979,'The bus driver takes us on a fun ride.','버스 기사가 우리를 재미있는 놀이기구에 태워준다.',179),(980,'The bus helps us get to school safely.','버스는 우리가 학교에 안전하게 갈 수 있도록 도와준다.',179),(981,'We wave goodbye to our parents from the bus.','우리는 버스에서 부모님께 손을 흔들어 작별 인사를 한다.',179),(982,'We sing songs on the bus with our friends.','우리는 친구들과 버스에서 노래를 부른다.',179),(983,'We count how many buses we see on the road.','우리는 도로에서 얼마나 많은 버스를 보는지 세어본다.',179),(984,'The bus has windows we can look out of.','그 버스에는 우리가 밖을 내다볼 수 있는 창문이 있다.',179),(985,'The bus takes us on field trips to new places.','그 버스는 우리를 새로운 장소로 현장학습을 데려다 준다.',179),(986,'I use my arm to hold my pencil and draw.','나는 연필을 잡고 그림을 그리기 위해 팔을 사용한다.',180),(987,'I wave my arm to say hello to my friend.','나는 친구에게 인사하기 위해 팔을 흔든다.',180),(988,'My arm is tired from lifting heavy blocks.','무거운 블록을 들어서 팔이 피곤해요.',180),(989,'I give my mom a hug with both arms.','나는 엄마를 두 팔로 껴안는다.',180),(990,'I love to dance and move my arms to the music.','나는 춤을 추고 음악에 맞춰 팔을 움직이는 것을 좋아한다.',180),(991,'I used a shovel to dig in the sand.','나는 삽으로 모래를 팠다.',181),(992,'My dad let me help shovel the snow off the driveway.','우리 아빠는 내가 차도의 눈을 치우는 것을 돕게 해주셨다.',181),(993,'We used a shovel to plant a tree in the park.','우리는 삽으로 공원에 나무를 심었다.',181),(994,'The construction workers used shovels to fill the hole.','건설 인부들은 구멍을 메우기 위해 삽을 사용했다.',181),(995,'I love to play with my toy shovel in the sandbox.','나는 모래밭에서 장난감 삽을 가지고 노는 것을 좋아한다.',181),(996,'We need to shovel the dirt into the wheelbarrow.','우리는 손수레에 흙을 퍼 넣어야 한다.',181),(997,'My mom showed me how to shovel the leaves into a pile.','엄마는 나에게 나뭇잎을 삽으로 퍼서 무더기로 만드는 방법을 보여주셨다.',181),(998,'The farmer used a shovel to scoop up the hay for the cows.','농부는 삽으로 소들을 위해 건초를 퍼냈다.',181),(999,'We can build a snowman with a shovel and some snow.','삽과 눈으로 눈사람을 만들 수 있다.',181),(1000,'I helped my grandpa shovel the dirt into the flower bed.','나는 할아버지를 도와서 화단에 흙을 퍼 넣었다.',181),(1001,'A pear is a yummy fruit to eat for a snack.','배는 간식으로 먹기에 맛있는 과일이다.',183),(1002,'The pear is yellow and green with a brown stem.','배는 노랗고 녹색이며 줄기는 갈색이다.',183),(1003,'I like to slice my pear into small pieces and eat it with a toothpick.','나는 배를 잘게 썰어서 이쑤시개로 먹는 것을 좋아한다.',183),(1004,'My mom uses pears to make a delicious fruit salad.','우리 엄마는 맛있는 과일 샐러드를 만들기 위해 배를 사용하신다.',183),(1005,'Did you know that pears grow on trees in the fall?','여러분은 배가 가을에 나무에서 자란다는 것을 알고 있었나요?',183),(1006,'The little caterpillar in the story loved to eat pears.','이야기 속의 작은 애벌레는 배를 먹는 것을 좋아했습니다.',183),(1007,'I think a pear is even better than an apple!','나는 배가 사과보다 더 좋다고 생각해!',183),(1008,'I can put my clothes in the washing machine to make them clean.','나는 세탁기에 내 옷을 넣어 깨끗하게 만들 수 있다.',184),(1009,'My mom uses the washing machine to wash our clothes.','우리 엄마는 우리의 옷을 세탁하기 위해 세탁기를 사용한다.',184),(1010,'The washing machine spins round and round to clean the clothes.','세탁기는 옷을 닦기 위해 빙글빙글 돈다.',184),(1011,'I love to watch the washing machine as it washes our clothes.','나는 세탁기가 우리의 옷을 세탁하는 것을 보는 것을 좋아한다.',184),(1012,'The washing machine makes a funny noise when it starts to spin.','세탁기가 회전하기 시작하면 이상한 소리가 난다.',184),(1013,'My favorite color shirt is blue, and I put it in the washing machine to wash it.','내가 가장 좋아하는 색 셔츠는 파란색이고, 나는 그것을 세탁하기 위해 세탁기에 넣었다.',184),(1014,'We can use soap and water to make our clothes smell good when put in the washing machine.','우리는 세탁기에 넣을 때 우리의 옷에서 좋은 냄새가 나게 하기 위해 비누와 물을 사용할 수 있습니다.',184),(1015,'The washing machine helps us keep our clothes looking fresh and clean.','그 세탁기는 우리의 옷을 신선하고 깨끗하게 유지하도록 도와줍니다.',184),(1016,'Our washing machine has a door that we can open to put clothes inside.','우리 세탁기에는 옷을 넣을 수 있는 문이 있다.',184),(1017,'I love the smell of a vanilla candle.','나는 바닐라 캔들의 냄새를 좋아한다.',185),(1018,'The candle flickered in the darkness.','촛불이 어둠 속에서 깜박거렸다.',185),(1019,'The birthday cake had a candle on top.','생일 케이크 위에 촛불이 올려져 있었다.',185),(1020,'We lit a candle during our quiet time.','우리는 조용한 시간에 촛불을 켰다.',185),(1021,'We made our own candles in art class.','우리는 미술 시간에 촛불을 직접 만들었어요.',185),(1022,'The Christmas tree had candles on it long ago.','크리스마스 트리에는 오래 전에 촛불이 켜져 있었다.',185),(1023,'I blew out the candle and made a wish.','나는 촛불을 끄고 소원을 빌었다.',185),(1024,'The candle melted as it burned down.','촛불이 타면서 녹았다.',185),(1025,'Look at the pretty picture frame I made in art class today!','오늘 미술시간에 내가 만든 예쁜 액자를 봐!',186),(1026,'I love to eat a chocolate donut for breakfast.','나는 아침으로 초콜릿 도넛을 먹는 것을 좋아한다.',187),(1027,'My mom brought me a jelly-filled donut for a snack.','엄마가 간식으로 젤리가 가득 든 도넛을 가져다 주셨어.',187),(1028,'Donuts have different flavors like vanilla, strawberry, and blueberry.','도넛은 바닐라, 딸기, 블루베리와 같은 다양한 맛을 가지고 있습니다.',187),(1029,'I like to share my donut with my friends during snack time.','나는 간식 시간에 친구들과 도넛을 나눠 먹는 것을 좋아한다.',187),(1030,'When I visit the donut shop, I choose a sprinkled donut with pink frosting.','나는 도넛 가게를 방문할 때 분홍색 프로스팅이 뿌려진 도넛을 선택한다.',187),(1031,'Donuts are round and can have a hole in the center.','도넛은 둥글고 중앙에 구멍이 있을 수 있습니다.',187),(1032,'Eating too many donuts is not healthy.','도넛을 너무 많이 먹는 것은 건강에 좋지 않습니다.',187),(1033,'A donut is a sweet treat that can make you smile.','도넛은 여러분을 미소 짓게 할 수 있는 달콤한 간식입니다.',187),(1034,'We can use different toppings like icing and M&Ms to decorate our donuts.','우리는 도넛을 장식하기 위해 아이싱과 M&M과 같은 다른 토핑을 사용할 수 있습니다.',187),(1035,'I like to use a yellow pencil to draw.','나는 노란색 연필로 그림 그리는 것을 좋아한다.',188),(1036,'My teacher gave me a pink pencil to write with.','선생님은 나에게 쓸 분홍색 연필을 주셨다.',188),(1037,'I sharpened my pencil before I started my work.','나는 일을 시작하기 전에 연필을 깎았다.',188),(1038,'I need a new pencil because mine is too short.','나는 내 연필이 너무 짧아서 새 연필이 필요하다.',188),(1039,'I draw a picture of a dog using a brown pencil.','나는 갈색 연필로 개 그림을 그린다.',188),(1040,'I hold my pencil with my fingers and thumb.','나는 손가락과 엄지손가락으로 연필을 잡는다.',188),(1041,'I erased my mistake with an eraser on my pencil.','나는 연필에 지우개로 내 실수를 지웠다.',188),(1042,'I brought my pencil case to school to keep my pencils organized.','나는 연필을 정리하기 위해 학교에 필통을 가지고 왔다.',188),(1043,'I love the smell of a freshly sharpened pencil.','나는 갓 깎은 연필 냄새를 좋아한다.',188),(1044,'I use a blue pencil to underline important words in my book.','나는 책에서 중요한 단어에 밑줄을 긋기 위해 파란색 연필을 사용한다.',188),(1045,'I ate my macaroni and cheese with a fork.','나는 내 마카로니와 치즈를 포크로 먹었다.',189),(1046,'The fork has four tines that help me pick up my food.','그 포크는 내가 음식을 집는 것을 도와주는 네 개의 가지가 있다.',189),(1047,'I used a fork to poke holes in my play-doh.','나는 포크로 내 장난감에 구멍을 뚫었다.',189),(1048,'The fork is a utensil that we use to eat our meals.','포크는 우리가 식사를 할 때 사용하는 도구이다.',189),(1049,'When I need to cut my food, I use a fork and knife together. ','나는 음식을 자를 때 포크와 나이프를 함께 사용한다.',189),(1050,'Look, there is a little squirrel running up that tree!','보세요, 저 나무 위로 작은 다람쥐가 뛰어오르고 있어요!',190),(1051,'The squirrel is collecting nuts to eat during the winter.','다람쥐는 겨울 동안 먹을 견과류를 모으고 있다.',190),(1052,'Do you see the fluffy tail of the squirrel?','여러분은 다람쥐의 푹신한 꼬리가 보이나요?',190),(1053,'Squirrels love to play and chase each other.','다람쥐들은 노는 것과 서로를 쫓는 것을 좋아합니다.',190),(1054,'The squirrel is hiding its nut in the ground for later.','다람쥐는 나중을 위해 땅에 견과류를 숨기고 있다.',190),(1055,'Squirrels are very quick, they can run and jump from tree to tree.','다람쥐는 매우 빨라서 나무에서 나무로 뛰고 뛸 수 있다.',190),(1056,'The squirrel has big bushy ears to help it hear predators.','다람쥐는 포식자의 소리를 들을 수 있도록 크고 무성한 귀를 가지고 있다.',190),(1057,'When squirrels sleep, they curl up into a little ball.','다람쥐는 잠을 잘 때 작은 공 모양으로 몸을 웅크린다.',190),(1058,'The squirrel found a beautiful acorn to eat.','다람쥐는 먹을 아름다운 도토리를 찾았다.',190),(1059,'Can you draw a picture of a squirrel with a crayon?','여러분은 크레용으로 다람쥐의 그림을 그릴 수 있나요?',190),(1060,'I love to run and play on the soft green grass.','나는 부드러운 녹색 잔디 위에서 뛰고 노는 것을 좋아한다.',191),(1061,'The grass grows tall and sways in the breeze.','풀은 키가 크고 바람에 흔들린다.',191),(1062,'We are having a picnic on the grass today!','우리는 오늘 잔디밭에서 소풍을 할 거야!',191),(1063,'Grass needs sun and water to grow big and strong.','풀은 크고 강하게 자라기 위해 태양과 물을 필요로 한다.',191),(1064,'I see a little bug crawling in the grass.','나는 풀밭에서 기어다니는 작은 벌레를 본다.',191),(1065,'The princess lived in a big castle.','공주는 큰 성에 살았다.',192),(1066,'The dragon was hiding behind the castle walls.','용은 성벽 뒤에 숨어 있었다.',192),(1067,'I built a castle out of sand at the beach.','나는 해변에서 모래로 성을 쌓았다.',192),(1068,'The prince rode his horse to the castle gates.','왕자는 그의 말을 타고 성문으로 갔다.',192),(1069,'The knights protected the castle from intruders.','기사들은 침입자들로부터 성을 보호했다.',192),(1070,'The king threw a grand ball in the castle.','왕은 성에서 성대한 무도회를 열었다.',192),(1071,'The castle had a big moat filled with water.','그 성은 물로 가득 찬 큰 해자를 가지고 있었다.',192),(1072,'The van can carry all of us to the park.','그 밴은 우리 모두를 공원까지 운반할 수 있다.',193),(1073,'Our teacher drives a big blue van to school.','우리 선생님은 파란색 큰 밴을 타고 학교에 가신다.',193),(1074,'The big red truck roared down the street.','큰 빨간 트럭이 굉음을 내며 거리를 지나갔다.',194),(1075,'The garbage truck collects all the garbage.','쓰레기 트럭은 모든 쓰레기를 수거한다.',194),(1076,'The fire truck has a ladder to help put out fires.','소방차에는 화재 진압을 돕기 위한 사다리가 있다.',194),(1077,'The delivery truck brings packages to our door.','배달 트럭이 우리 집 문 앞으로 짐을 가져다 준다.',194),(1078,'Stop at the red light and wait.','빨간 신호등에서 멈추고 기다리세요.',195),(1079,'Green light means go, you can cross the street safely.','녹색 불은 길을 안전하게 건널 수 있다는 것을 의미한다.',195),(1080,'When the yellow light turns on, prepare to stop.','노란색 불이 켜지면 멈출 준비를 하세요.',195),(1081,'Always look both ways before crossing the street, even if the traffic light is green.','신호등이 녹색일지라도 길을 건너기 전에 항상 양쪽을 살펴라.',195),(1082,'I sent a postcard to my grandma telling her about my trip to the beach.','나는 할머니께 바닷가 여행에 대해 말씀드리는 엽서를 보냈다.',196),(1083,'Look! My friend just received a postcard from his cousin who is on vacation.','봐! 내 친구가 휴가중인 사촌으로부터 엽서를 받았어.',196),(1084,'My teacher showed us a postcard from her friend who lives in another country.','우리 선생님은 다른 나라에 사는 친구의 엽서를 보여주셨어.',196),(1085,'I drew a picture on the front of my postcard to show my friend what I did today.','나는 오늘 내가 한 일을 친구에게 보여주기 위해 엽서 앞면에 그림을 그렸다.',196),(1086,'Mommy and Daddy are sending a postcard to us to show us all the wonderful places they are visiting on their trip.','엄마와 아빠는 그들이 여행에서 방문하고 있는 모든 멋진 장소들을 보여주기 위해 우리에게 엽서를 보내고 있어.',196),(1087,'Whales are giant animals that live in the ocean.','고래는 바다에 사는 거대한 동물이다.',197),(1088,'Whales have a lot of blubber to keep them warm in cold water.','고래들은 차가운 물에 따뜻하게 하기 위해 많은 지방을 가지고 있습니다.',197),(1089,'Some whales can sing beautiful songs that can be heard for miles.','어떤 고래들은 수마일동안 들을 수 있는 아름다운 노래를 부를 수 있다.',197),(1090,'A baby whale is called a calf and it can grow very quickly.','아기 고래는 송아지라고 불리며 매우 빨리 자랄 수 있습니다.',197),(1091,'Whales eat fish, krill, and other small creatures in the ocean.','고래들은 바다에서 물고기, 크릴새우, 그리고 다른 작은 생물들을 먹습니다.',197),(1092,'People like to watch whales from boats during whale watching tours.','사람들은 고래 관찰 투어 동안 배에서 고래를 보는 것을 좋아합니다.',197),(1093,'Orcas, also known as killer whales, are a type of whale.','범고래라고도 알려진 범고래는 고래의 한 종류이다.',197),(1094,'Whales breathe air through a blowhole on the top of their head.','고래들은 머리 꼭대기에 있는 분수공을 통해 공기를 들이마신다.',197),(1095,'Some whales have long, curved tusks called tusks, which they use for protection.','어떤 고래들은 보호를 위해 사용하는 엄니라고 불리는 길고 구부러진 엄니를 가지고 있습니다.',197),(1096,'There are many different types of whales, like blue whales, humpback whales, and minke whales.','흰긴수염고래, 혹등고래, 밍크고래와 같은 많은 다른 종류의 고래들이 있습니다.',197),(1097,'The ceiling fan spins round and round.','천장 선풍기가 빙글빙글 돈다.',198),(1098,'The ceiling fan helps to cool us down.','천장 선풍기는 우리를 시원하게 해준다.',198),(1099,'Look up and see the ceiling fan go!','위를 보고 천장 선풍기가 가는 것을 보세요!',198),(1100,'The ceiling fan makes a soothing sound.','천장 선풍기에서 달래는 소리가 난다.',198),(1101,'The ceiling fan keeps the room nice and breezy.','천장 선풍기가 방을 상쾌하게 해준다.',198),(1102,'Look up at night to see the bright star in the sky.','밤하늘의 밝은 별을 보기 위해 밤에 올려다보세요.',199),(1103,'The star on top of the Christmas tree shines so brightly.','크리스마스 트리 꼭대기에 있는 별은 매우 밝게 빛납니다.',199),(1104,'I drew a star on my paper for my art project.','나는 미술 프로젝트를 위해 종이에 별을 그렸다.',199),(1105,'Twinkle, twinkle, little star, how I wonder what you are.','반짝반짝 작은 별아, 네가 뭔지 궁금해.',199),(1106,'We use a star stamp to decorate our work in class.','우리는 수업시간에 일을 꾸미기 위해 스타 스탬프를 사용합니다.',199),(1107,'My favorite character is Mario from Super Mario Bros who wears a hat with a star on it.','내가 가장 좋아하는 캐릭터는 슈퍼 마리오브라더스의 마리오로 별이 그려진 모자를 쓰고 있습니다.',199),(1108,'The starfish has five arms that look like rays of a star.','불가사리는 별의 광선처럼 보이는 다섯 개의 팔을 가지고 있습니다.',199),(1109,'We made star-shaped cookies for our class party.','우리는 학급 파티를 위해 별 모양의 쿠키를 만들었습니다.',199),(1110,'The Hollywood Walk of Fame has stars with the names of famous people on them.','할리우드 명예의 거리에는 유명한 사람들의 이름이 적힌 별들이 있다.',199),(1111,'The star athlete got a trophy for their outstanding performance.','그 스타 선수는 뛰어난 활약으로 트로피를 받았다.',199),(1112,'My guardian angel is always watching over me.','나의 수호천사는 항상 나를 지켜보고 있다.',200),(1113,'Angels have wings and can fly in the sky.','천사들은 날개를 가지고 있고 하늘을 날 수 있다.',200),(1114,'Christmas angels decorate my tree.','크리스마스 천사들이 내 나무를 장식한다.',200),(1115,'I drew a picture of an angel with a halo and trumpet.','나는 후광과 트럼펫으로 천사의 그림을 그렸다.',200),(1116,'I hurt my knee, so my mommy put a bandage on it to make it feel better.','무릎을 다쳐서 엄마가 기분을 좋게 하려고 반창고를 붙여주셨어.',201),(1117,'My friend has a cut on her finger, so I gave her a bandage to put on it.','내 친구가 손가락에 상처가 있어서, 나는 그녀에게 붕대를 감아 주었다.',201),(1118,'The nurse at school keeps lots of bandages in her office for us to use if we get hurt.','학교의 간호사는 우리가 다쳤을 때 사용할 수 있도록 그녀의 사무실에 많은 붕대를 보관하고 있어요.',201),(1119,'My little brother got a scrape when he fell off his bike, so I helped him put a bandage on it.','동생이 자전거에서 넘어져서 긁혀서 붕대 감는 걸 도와줬어요.',201),(1120,'When I am playing outside, I always make sure to bring a bandage with me just in case I get hurt.','밖에서 놀 때, 나는 내가 다칠까 봐 항상 붕대를 가지고 다녀.',201),(1121,'The snail is slow and crawls on the ground.','달팽이는 느리고 땅 위를 기어다닌다.',202),(1122,'The river is a big body of water that flows through the city.','그 강은 도시를 흐르는 큰 수역이다.',203),(1123,'Fish like to swim and live in the river.','물고기들은 강에서 수영하고 사는 것을 좋아한다.',203),(1124,'We can go on a boat ride down the river.','우리는 강을 따라 보트를 타고 내려갈 수 있다.',203),(1125,'The ducks quack and swim in the river.','오리들은 강에서 꽥꽥거리며 헤엄친다.',203),(1126,'The river is a beautiful place to have a picnic.','그 강은 소풍 가기에 아름다운 장소이다.',203),(1127,'We can skip rocks across the river.','우리는 바위를 건너 뛸 수 있다.',203),(1128,'The water in the river is cool and refreshing on a hot day.','더운 날에는 강물이 시원하고 상쾌하다.',203),(1129,'A line of ants marched across the floor.','개미 한 줄이 마루를 가로질러 행진했다.',204),(1130,'We stood in line to get our lunch from the cafeteria.','우리는 카페테리아에서 점심을 먹기 위해 줄을 섰다.',204),(1131,'The teacher drew a straight line on the whiteboard.','선생님은 화이트보드에 직선을 그었다.',204),(1132,'I put my crayons in my purse.','나는 크레용을 지갑에 넣었다.',205),(1133,'My purse is pink and has a butterfly on it.','내 지갑은 분홍색이고 나비가 그려져 있다.',205),(1134,'I keep my snacks in my purse for later.','나는 나중을 위해 과자를 지갑에 넣어둔다.',205),(1135,'I like to play dress-up with my purse.','나는 지갑을 가지고 분장놀이 하는 것을 좋아한다.',205),(1136,'My mom gave me a little purse to carry my allowance in.','우리 엄마는 용돈을 담을 작은 지갑을 주셨다.',205),(1137,'I love to put stickers on my purse to make it pretty.','나는 지갑을 예쁘게 만들기 위해 지갑에 스티커를 붙이는 것을 좋아한다.',205),(1138,'My mom cooked a delicious steak for dinner.','우리 엄마는 저녁으로 맛있는 스테이크를 요리하셨다.',206),(1139,'My dad likes his steak medium-rare.','우리 아빠는 스테이크를 미디엄 레어로 좋아해요.',206),(1140,'We had steak and mashed potatoes for dinner yesterday.','우리는 어제 저녁으로 스테이크와 으깬 감자를 먹었다.',206),(1141,'I love the smell of steak sizzling on the grill.','나는 그릴에서 지글거리는 스테이크 냄새가 너무 좋다.',206),(1142,'Steak is a type of meat that comes from cows.','스테이크는 소에서 나오는 고기의 한 종류이다.',206),(1143,'My favorite part of a steak is the juicy middle.','내가 스테이크에서 가장 좋아하는 부분은 육즙이 풍부한 중간 부분이다.',206),(1144,'Some people like to put sauce on their steak.','어떤 사람들은 스테이크에 소스를 뿌리는 것을 좋아한다.',206),(1145,'A big, juicy steak can be very filling.','크고 육즙이 풍부한 스테이크는 매우 포만감을 줄 수 있다.',206),(1146,'We went to a fancy restaurant and I got to try a small piece of steak.','우리는 고급 레스토랑에 갔고 나는 작은 스테이크 조각을 먹어보았다.',206),(1147,'Sometimes my mom makes steak sandwiches for lunch.','가끔 엄마는 점심으로 스테이크 샌드위치를 만드신다.',206),(1148,'We put the letter in the envelope to send it to Grandma.','우리는 편지를 할머니께 보내려고 봉투에 넣었다.',207),(1149,'Can you help me seal the envelope, please?','봉투 봉하는 것 좀 도와주시겠어요?',207),(1150,'I drew a picture on the back of the envelope for you.','나는 너를 위해 봉투 뒷면에 그림을 그렸다.',207),(1151,'The envelope is the perfect size for our invitation.','그 봉투는 우리의 초대에 딱 맞는 크기이다.',207),(1152,'I love to watch the raindrops falling from the sky.','나는 하늘에서 떨어지는 빗방울을 보는 것을 좋아한다.',208),(1153,'Rain can make the flowers grow big and bright.','비는 꽃을 크고 밝게 자라게 할 수 있다.',208),(1154,'When it rains, we can jump in puddles and make a splash!','비가 오면, 우리는 웅덩이에 뛰어들어 물보라를 일으킬 수 있어요!',208),(1155,'Rain is water that comes down from the clouds.','비는 구름에서 내려오는 물이다.',208),(1156,'After a rainstorm, the air smells fresh and clean.','폭풍우가 지나간 후, 공기는 신선하고 깨끗한 냄새를 풍긴다.',208),(1157,'Rain helps the trees and animals get the water they need to survive.','비는 나무와 동물들이 살아남기 위해 필요한 물을 얻는 것을 돕습니다.',208),(1158,'I like to listen to the sound of the rain while I fall asleep at night.','나는 밤에 잠드는 동안 빗소리 듣는 것을 좋아한다.',208),(1159,'Rain can also bring colorful rainbows in the sky.','비는 또한 하늘에 다채로운 무지개를 가져올 수 있습니다.',208),(1160,'When it rains, we need to wear a raincoat and boots to stay dry.','비가 올 때, 우리는 건조함을 유지하기 위해 비옷과 부츠를 신어야 합니다.',208),(1161,'Sometimes rain can make us feel cozy and want to cuddle up with a book.','때때로 비는 우리를 편안하게 하고 책과 함께 껴안고 싶게 만들 수 있습니다.',208),(1162,'I have a paper clip to hold my drawing together.','나는 내 그림을 함께 보관할 종이 클립이 있다.',209),(1163,'The teacher gave me a paper clip to attach my papers.','선생님은 나에게 종이를 붙이라고 종이 클립을 주셨다.',209),(1164,'I found a shiny paper clip on the ground.','나는 땅에서 반짝이는 종이 클립을 발견했다.',209),(1165,'A tornado is a spinning wind that can be very strong and dangerous.','토네이도는 매우 강하고 위험할 수 있는 회전하는 바람이다.',210),(1166,'If you see a tornado, you should go to a safe place like the basement or a hallway without windows.','만약 토네이도를 본다면, 여러분은 지하실이나 창문이 없는 복도와 같은 안전한 장소로 가야 합니다.',210),(1167,'Tornados are most common in the United States, but they can happen in other parts of the world too.','토네이도는 미국에서 가장 흔하지만, 세계의 다른 지역에서도 발생할 수 있다.',210),(1168,'Sometimes tornadoes can be fun to draw or paint in art class, but we should always remember to be careful and stay safe. ','때때로 토네이도는 미술시간에 그림을 그리거나 그림을 그리는 것이 재미있을 수 있지만, 우리는 항상 조심하고 안전하게 지내는 것을 기억해야 한다.',210),(1169,'A tornado can pick up cars, trees and even buildings, so we need to be prepared and follow safety steps.','토네이도는 자동차, 나무, 심지어 건물까지 집어올릴 수 있기 때문에 우리는 준비를 하고 안전 조치를 따를 필요가 있다.',210),(1170,'Please close the door when you leave the classroom.','교실을 나갈 때 문을 닫아주세요.',211),(1171,'Can you open the door, please?','문 좀 열어주시겠어요?',211),(1172,'Knock on the door before you come in.','들어오기 전에 문을 두드리세요.',211),(1173,'The doorbell rang, someone is at the door!','초인종이 울렸어요, 누가 문 앞에 있어요!',211),(1174,'The door is green and has a silver handle.','그 문은 초록색이고 은색 손잡이가 있다.',211),(1175,'he paint can is full of bright red paint!','그는 밝은 빨간색 페인트로 가득 차 있다!',212),(1176,'e need to be careful not to spill the paint can.','페인트 캔을 흘리지 않도록 주의해야 한다.',212),(1177,'love opening the paint can and seeing all the different colors inside.','페인트 통을 열고 안에 있는 모든 다른 색깔들을 보는 것을 좋아합니다.',212),(1178,'Look up at the sky, do you see the big, bright moon?','하늘을 보세요, 크고 밝은 달이 보이나요?',213),(1179,'The moon shines in the dark night sky.','어두운 밤하늘에 달이 빛난다.',213),(1180,'I love to imagine the man in the moon looking down at me.','나는 달에 있는 남자가 나를 내려다보는 것을 상상하는 것을 좋아한다.',213),(1181,'Sometimes, the moon looks like it is smiling at us.','때때로, 달은 우리를 향해 웃고 있는 것처럼 보입니다.',213),(1182,'When the moon is full, it lights up everything like a flashlight.','보름달이 뜨면 손전등처럼 모든 것을 밝힌다.',213),(1183,'The moon controls the tides in the ocean.','달은 바다의 조수를 조절한다.',213),(1184,'I want to go to the moon someday and explore it.','나는 언젠가 달에 가서 탐험하고 싶다.',213),(1185,'Jimmy loves to play with his soccer ball at recess.','지미는 쉬는 시간에 축구공을 가지고 노는 것을 좋아한다.',215),(1186,'The soccer ball is round and bounces when you kick it.','축구공은 둥글고 발로 차면 튕겨져요.',215),(1187,'Jane wanted to be the goalie for her team so she practiced catching the soccer ball.','제인은 그녀의 팀의 골키퍼가 되고 싶어서 축구공을 잡는 연습을 했다.',215),(1188,'Lisa put on her pink headphones to listen to her favorite song.','리사는 그녀가 가장 좋아하는 노래를 듣기 위해 분홍색 헤드폰을 썼다.',216),(1189,'Tommy shared his headphones with his friend so they could both hear the story.','토미는 그의 친구와 헤드폰을 공유해서 그들 둘 다 이야기를 들을 수 있었다.',216),(1190,'I put on my headphones so I could practice counting and singing along to the numbers song.','나는 숫자를 세고 노래를 따라 부르는 연습을 할 수 있도록 헤드폰을 꼈어요.',216),(1191,'The diving board is a high plank that swimmers jump off of into the pool.','다이빙 보드는 수영하는 사람들이 수영장으로 뛰어내리는 높은 널빤지이다.',217),(1192,'I love to do somersaults off of the diving board!','나는 다이빙대 밖에서 공중제비를 하는 것을 좋아해!',217),(1193,'Before jumping off the diving board, we always make sure the lifeguard is watching.','다이빙대에서 뛰어내리기 전에, 우리는 항상 구조대원이 지켜보고 있는지 확인한다.',217),(1194,'I walked barefoot in the sand.','나는 맨발로 모래밭을 걸었다.',218),(1195,'My foot is bigger than my hand.','내 발은 내 손보다 크다.',218),(1196,'I wear socks and shoes to protect my feet.','나는 발을 보호하기 위해 양말과 신발을 신는다.',218),(1197,'I can jump over a small footstool.','나는 작은 발판을 뛰어넘을 수 있다.',218),(1198,'I use my feet to dance and wiggle.','나는 춤을 추고 꿈틀거릴 때 발을 사용한다.',218),(1199,'My Mom paints my toenails on my feet.','엄마는 내 발톱을 내 발에 칠하신다.',218),(1200,'I like to play with the football.','나는 축구를 하는 것을 좋아한다.',218),(1201,'My footprints are in the snow.','눈 위에 내 발자국이 있다.',218),(1202,'I use my feet to climb up and down the stairs.','나는 계단을 오르내릴 때 발을 사용한다.',218),(1203,'I need to take good care of my feet by washing them every day.','나는 매일 발을 씻어서 발을 잘 관리해야 해.',218),(1204,'I need a flashlight to help me see in the dark.','어둠 속에서 볼 수 있도록 손전등이 필요해요.',219),(1205,'I love playing shadow puppets with my flashlight.','나는 손전등으로 그림자 인형 놀이를 하는 것을 좋아한다.',219),(1206,'My favorite color flashlight is yellow.','내가 가장 좋아하는 색 손전등은 노란색이다.',219),(1207,'I love to cool down with my fan on hot summer days.','나는 더운 여름날에 선풍기로 더위를 식히는 것을 좋아한다.',220),(1208,'My favorite fan has colorful pictures of my favorite cartoon characters.','내가 좋아하는 팬은 내가 좋아하는 만화 캐릭터들의 다채로운 사진을 가지고 있다.',220),(1209,'I hurt my knee while playing soccer.','나는 축구를 하다가 무릎을 다쳤다.',221),(1210,'I have two knees in my legs.','나는 다리에 무릎이 두 개 있다.',221),(1211,'I can bend my knee to touch my toes.','나는 무릎을 구부려 발가락을 만질 수 있다.',221),(1212,'When I fall down, I always land on my knees.','나는 넘어질 때 항상 무릎을 꿇는다.',221),(1213,'My knees help me walk, run, and jump.','내 무릎은 내가 걷고, 뛰고, 뛸 수 있도록 도와준다.',221),(1214,'A baby is crawling on their knees to reach their toy.','아기가 장난감에 닿기 위해 무릎을 꿇고 기어가고 있다.',221),(1215,'I bumped my knee on the table and it hurts.','테이블에 무릎을 부딪혀서 아파요.',221),(1216,'Can you try to touch your knee with your nose?','당신은 코로 무릎을 만져볼 수 있나요?',221),(1217,'When I ride my bike, I wear knee pads to protect myself.','자전거를 탈 때, 나는 나 자신을 보호하기 위해 무릎 보호대를 착용한다.',221),(1218,'I sometimes use my knee to balance when I dance.','나는 가끔 춤을 출 때 균형을 잡기 위해 무릎을 사용한다.',221),(1219,'The cactus has prickly needles to protect itself.','선인장은 스스로를 보호하기 위해 가시 돋친 바늘을 가지고 있다.',222),(1220,'This cactus needs lots of sunlight to grow big and strong.','이 선인장은 크고 강하게 자라기 위해 많은 햇빛이 필요하다.',222),(1221,'Some cacti have pretty flowers that bloom in the desert.','어떤 선인장들은 사막에서 피는 예쁜 꽃들을 가지고 있다.',222),(1222,'Careful not to touch the cactus or you might get a poke.','선인장을 만지지 않도록 조심해라. 그렇지 않으면 찔릴 수도 있다.',222),(1223,'The cactus is a plant that can store water inside its stems.','선인장은 줄기 안에 물을 저장할 수 있는 식물이다.',222),(1224,'The carpenter used a hammer to build the table.','목수는 망치로 탁자를 만들었다.',223),(1225,'My dad uses a hammer to hang pictures on the wall.','우리 아빠는 벽에 그림을 걸기 위해 망치를 사용한다.',223),(1226,'I can hear the hammering sounds from the construction site next door.','옆 공사장에서 망치질하는 소리가 들린다.',223),(1227,'The toy hammer is small and perfect for little hands.','그 장난감 망치는 작고 작은 손에 완벽하다.',223),(1228,'I love to pretend to hammer nails with my toy toolset.','나는 내 장난감 도구 세트로 못을 박는 척 하는 것을 좋아한다.',223),(1229,'I sleep on my bed at night.','나는 밤에 침대에서 잔다.',224),(1230,'My bed is big and fluffy.','내 침대는 크고 푹신푹신하다.',224),(1231,'I have a pillow and a blanket on my bed.','나는 침대 위에 베개와 담요가 있다.',224),(1232,'I like to jump on my bed sometimes.','나는 가끔 침대에서 점프하는 것을 좋아한다.',224),(1233,'My parents tuck me in bed before I sleep.','부모님은 내가 잠들기 전에 나를 침대에 눕힌다.',224),(1234,'I have a teddy bear that I keep on my bed.','나는 내 침대 위에 있는 곰인형을 가지고 있다.',224),(1235,'I make my bed every morning.','나는 매일 아침 침대를 정리한다.',224),(1236,'My bed is my favorite place to snuggle up with a book.','내 침대는 내가 책을 안고 가장 좋아하는 장소이다.',224),(1237,'The bat flew through the night sky.','박쥐는 밤하늘을 날았다.',225),(1238,'I saw a bat hanging upside down from a tree.','나는 나무에 거꾸로 매달려 있는 박쥐를 보았다.',225),(1239,'The bat has wings like a bird but is not a bird.','박쥐는 새처럼 날개를 가지고 있지만 새는 아니다.',225),(1240,'The bird flew high in the sky.','그 새는 하늘 높이 날았다.',226),(1241,'Look at that colorful bird sitting on the tree!','나무 위에 앉아 있는 저 알록달록한 새를 보세요!',226),(1242,'A group of birds chirped happily in the morning.','한 무리의 새들이 아침에 행복하게 지저귀었다.',226),(1243,'This bird has a long beak to catch its food.','이 새는 먹이를 잡기 위해 긴 부리를 가지고 있다.',226),(1244,'The bird built its nest on the branch of the tree.','그 새는 나뭇가지에 둥지를 틀었다.',226),(1245,'Sometimes birds travel to different places because of the weather.','때때로 새들은 날씨 때문에 다른 곳으로 여행을 간다.',226),(1246,'Can you hear the sound of that bird singing a beautiful song?','저 새가 아름다운 노래를 부르는 소리가 들리니?',226),(1247,'The egg hatched and a little bird came out.','알이 부화해서 작은 새가 나왔다.',226),(1248,'Do you know which bird can swim in the water?','여러분은 어떤 새가 물에서 수영할 수 있는지 알고 있나요?',226),(1249,'I wear a wristwatch to tell me the time.','나는 시간을 알려주기 위해 손목시계를 차고 있다.',227),(1250,'My favorite wristwatch has a pink band.','내가 가장 좋아하는 손목시계는 분홍색 띠를 가지고 있다.',227),(1251,'My mom bought me a new wristwatch for my birthday.','엄마가 생일 선물로 새 손목시계를 사주셨다.',227),(1252,'I never take my wristwatch off, even when I sleep.','나는 심지어 잘 때도 손목시계를 절대 벗지 않는다.',227),(1253,'My wristwatch has a picture of a cartoon character on it.','내 손목시계에는 만화 캐릭터의 그림이 그려져 있다.',227),(1254,'I saw an airplane in the sky.','나는 하늘에서 비행기를 보았다.',229),(1255,'The airplane is very big and loud.','그 비행기는 매우 크고 시끄럽다.',229),(1256,'Our family is going on an airplane ride.','우리 가족은 비행기를 타러 갈 것이다.',229),(1257,'We need to pack our bags for the airplane trip.','우리는 비행기 여행을 위해 짐을 싸야 한다.',229),(1258,'The airplane flies through the clouds.','비행기는 구름 사이를 날아간다.',229),(1259,'I like to draw pictures of airplanes.','나는 비행기 그림 그리는 것을 좋아한다.',229),(1260,'The pilot drives the airplane in the sky.','조종사는 하늘에서 비행기를 운전한다.',229),(1261,'The airplane has wings to help it fly.','그 비행기는 날 수 있도록 날개를 가지고 있다.',229),(1262,'We need to wear our seat belts on the airplane.','우리는 비행기에서 안전벨트를 매야 한다.',229),(1263,'The airplane takes off and lands at the airport.','비행기가 공항을 이륙하고 착륙한다.',229),(1264,'I painted my nails with bright pink polish.','나는 밝은 분홍색 광택제로 손톱을 칠했다.',230),(1265,'My mom used a hammer and nails to build a birdhouse.','우리 엄마는 새집을 짓기 위해 망치와 못을 사용했어.',230),(1266,'The cat scratched me with its sharp nails.','그 고양이는 날카로운 손톱으로 나를 할퀴었다.',230),(1267,'I found a rusty nail on the ground and threw it away.','나는 땅에 녹슨 못을 발견해서 버렸다.',230),(1268,'I love to use nail stickers to decorate my nails!','나는 손톱 스티커를 사용해서 손톱을 꾸미는 것을 좋아해!',230),(1269,'Owning a nail salon would be so much fun.','네일 살롱을 소유하는 것은 정말 재미있을 것이다.',230),(1270,'Can you help me count the nails in the jar?','제가 항아리에 있는 못을 세는 것을 도와주실 수 있나요?',230),(1271,'I accidentally hit my finger with the hammer while trying to nail something.','나는 무언가를 못박으려다가 망치로 손가락을 부딪쳤다.',230),(1272,'The carpenter used a nail gun to attach the boards together.','목수는 못총으로 판자를 붙였다.',230),(1273,'My favorite nail color is glittery blue.','내가 가장 좋아하는 손톱 색깔은 반짝이는 파란색이다.',230),(1274,'Use the rake to collect leaves.','갈퀴로 나뭇잎을 모은다.',231),(1275,'We will take turns using the rake to clean up.','우리는 교대로 갈퀴를 사용하여 청소할 것이다.',231),(1276,'The rake makes it easy to gather stray sticks.','그 갈퀴는 길 잃은 막대기들을 쉽게 모을 수 있게 해준다.',231),(1277,'My daddy plays the guitar for me before bed.','아빠는 자기 전에 나를 위해 기타를 연주하신다.',232),(1278,'I like to dance and sing to the guitar music.','나는 기타 음악에 맞춰 춤추고 노래하는 것을 좋아한다.',232),(1279,'The guitar has strings that make beautiful sounds.','기타에는 아름다운 소리를 내는 현이 있다.',232),(1280,'I want to learn how to play the guitar like my big sister.','나도 언니처럼 기타를 배우고 싶어.',232),(1281,'The guitar can be loud or quiet depending on how you play it.','기타는 연주 방법에 따라 크게 연주하거나 조용하게 연주할 수 있습니다.',232),(1282,'The bridge over the pond is where the ducks like to swim.','연못 위의 다리는 오리들이 수영하기를 좋아하는 곳이다.',233),(1283,'We use stairs to go up and down the building.','우리는 건물을 오르내릴 때 계단을 이용한다.',234),(1284,'The stairs can help us exercise and stay healthy.','계단은 우리가 운동하고 건강하게 지낼 수 있도록 도와줄 수 있습니다.',234),(1285,'I counted how many stairs there are; there are 20!','나는 계단이 몇 개 있는지 세어 보았다; 20개가 있다!',234),(1286,'We can walk or run up the stairs, but we should always be careful.','우리는 계단을 걷거나 뛰어 올라갈 수 있지만, 우리는 항상 조심해야 한다.',234),(1287,'Taking the stairs instead of the elevator saves energy and helps the environment.','엘리베이터 대신 계단을 이용하는 것은 에너지를 절약하고 환경에 도움이 됩니다.',234),(1288,'I love to wear my bright and shiny rollerskates to school.','나는 밝고 빛나는 롤러스케이트를 입고 학교에 가는 것을 좋아한다.',236),(1289,'I like to go to the park and glide on my rollerskates.','나는 공원에 가서 롤러스케이트를 타는 것을 좋아한다.',236),(1290,'My mom helps me put on my rollerskates so I can dance around.','엄마는 내가 춤을 출 수 있도록 롤러스케이트 타는 것을 도와주신다.',236),(1291,'When it is sunny outside, my friends and I go rollerskating.','밖이 화창할 때, 내 친구들과 나는 롤러스케이트를 타러 간다.',236),(1292,'I am learning how to rollerskate backwards like a professional.','나는 프로처럼 롤러스케이트를 거꾸로 타는 법을 배우고 있다.',236),(1293,'My pink and purple rollerskates make me feel like a princess.','내 분홍색과 보라색 롤러스케이트는 나를 공주처럼 느끼게 해줘.',236),(1294,'Sometimes my little brother comes with me and he rides his scooter while I use my rollerskates.','가끔 제 남동생도 저와 함께 와서 제가 롤러스케이트를 타는 동안 스쿠터를 탑니다.',236),(1295,'I am getting better at balancing on my rollerskates.','나는 롤러스케이트에서 균형을 잡는 것이 점점 좋아지고 있다.',236),(1296,'On weekends, my family and I go to the roller rink to rollerskate.','주말에, 우리 가족과 나는 롤러스케이트를 타러 롤러장에 간다.',236),(1297,'After exercising, I like to sit down and take off my rollerskates.','운동 후에, 나는 앉아서 롤러스케이트를 벗는 것을 좋아한다.',236),(1298,'The helicopter flew in the sky.','헬리콥터가 하늘을 날았다.',237),(1299,'The helicopter has propellers that spin.','그 헬리콥터는 회전하는 프로펠러를 가지고 있다.',237),(1300,'The helicopter can go up, down, left and right.','헬리콥터는 위, 아래, 왼쪽, 오른쪽으로 올라갈 수 있다.',237),(1301,'The helicopter is loud when it takes off.','헬리콥터가 이륙할 때 소리가 크다.',237),(1302,'The pilot of the helicopter sits in the front.','헬리콥터의 조종사가 맨 앞에 앉는다.',237),(1303,'Sometimes the helicopter is used to rescue people.','때때로 헬리콥터는 사람들을 구조하는데 사용된다.',237),(1304,'The helicopter can take you high in the air.','헬리콥터는 당신을 하늘 높이 데려다 줄 수 있다.',237),(1305,'The helicopter looks like a big toy.','헬리콥터는 큰 장난감처럼 보입니다.',237),(1306,'The helicopter is very useful for transportation.','그 헬리콥터는 운송에 매우 유용하다.',237),(1307,'The helicopter is very exciting to watch.','그 헬리콥터는 보기에 매우 흥미롭다.',237),(1308,'The violin is a musical instrument that plays beautiful music.','바이올린은 아름다운 음악을 연주하는 악기이다.',238),(1309,'I love hearing the sweet sound of a violin.','나는 바이올린의 달콤한 소리를 듣는 것을 좋아한다.',238),(1310,'The violin has four strings that are played with a bow.','바이올린은 활로 연주되는 4개의 현이 있다.',238),(1311,'I saw a musician playing the violin at the park.','나는 공원에서 바이올린을 연주하는 음악가를 보았다.',238),(1312,'The rhinoceros has a big horn on its nose.','코뿔소의 코에는 큰 뿔이 있다.',239),(1313,'A rhinoceros is a large animal that lives in Africa.','코뿔소는 아프리카에 사는 큰 동물입니다.',239),(1314,'The rhinoceros likes to eat grass and leaves.','코뿔소는 풀과 나뭇잎을 먹는 것을 좋아한다.',239),(1315,'The baby rhinoceros is called a calf.','아기 코뿔소는 송아지라고 불립니다.',239),(1316,'The rhinoceros is very strong and can run very fast.','코뿔소는 매우 강하고 매우 빨리 달릴 수 있습니다.',239),(1317,'The rhinoceros has thick skin to protect it from predators.','코뿔소는 포식자들로부터 코뿔소를 보호하기 위해 두꺼운 피부를 가지고 있습니다.',239),(1318,'I love eating popsicles, they are so yummy!','나는 아이스크림 먹는 것을 좋아해, 그것들은 정말 맛있어!',240),(1319,'The popsicle melted in my hand because it was so hot outside.','밖이 너무 더워서 아이스캔디가 손에서 녹았어요.',240),(1320,'I shared my popsicle with my friend at the park.','나는 공원에서 친구와 아이스캔디를 나눠 먹었다.',240),(1321,'The popsicle stick can be used for a fun craft project.','그 아이스 스틱은 재미있는 공예 프로젝트에 사용될 수 있습니다.',240),(1322,'I counted how many bites it takes to finish a popsicle.','나는 아이스캔디를 완성하는 데 몇 입이 걸리는지 세어 보았다.',240),(1323,'I like to choose different flavors of popsicles each time I buy them.','나는 살 때마다 다른 맛의 아이스크림을 고르는 것을 좋아한다.',240),(1324,'The popsicle man comes around in his truck and sells them in the summer.','그 아이스캔디 남자는 그의 트럭을 타고 와서 여름에 그것들을 판다.',240),(1325,'Johnny was so excited to receive a lollipop after finishing his work in kindergarten.','조니는 유치원에서 일을 마친 후 막대사탕을 받게 되어 매우 흥분되었습니다.',241),(1326,'Sally shared her lollipop with her best friend during snack time in kindergarten.','샐리는 유치원에서 간식시간에 그녀의 가장 친한 친구와 막대사탕을 나눠먹었다.',241),(1327,'The teacher used a big lollipop as a math manipulative to teach counting in kindergarten.','선생님은 유치원에서 셈을 가르치기 위해 큰 막대사탕을 수학 조작으로 사용했다.',241),(1328,'Timmy was upset when he dropped his lollipop on the floor during recess in kindergarten.','티미는 유치원에서 쉬는 시간에 그의 막대사탕을 바닥에 떨어뜨렸을 때 화가 났다.',241),(1329,'We put our dirty dishes in the dishwasher.','우리는 더러운 접시들을 식기세척기에 넣었다.',242),(1330,'The dishwasher makes our plates and cups sparkly clean.','식기세척기는 우리의 접시와 컵을 반짝반짝하게 깨끗하게 해준다.',242),(1331,'My mom turns on the dishwasher to wash our dishes.','우리 엄마는 우리의 설거지를 하기 위해 식기세척기를 켜신다.',242),(1332,'The dishwasher uses water and soap to clean our dishes.','식기세척기는 물과 비누를 사용하여 우리의 접시를 닦는다.',242),(1333,'After dinner, we load the dishwasher with our bowls and utensils.','저녁 식사 후에, 우리는 식기세척기에 그릇과 식기들을 실었다.',242),(1334,'The cello is a big and beautiful string instrument. ','첼로는 크고 아름다운 현악기이다.',243),(1335,'My friend plays the cello and it sounds amazing. ','내 친구가 첼로를 연주하는데 정말 멋지게 들린다.',243),(1336,'The cello has a deep and rich sound. ','첼로는 깊고 풍부한 소리를 가지고 있다.',243),(1337,'I love listening to the cello in music class. ','나는 음악 시간에 첼로를 듣는 것을 좋아한다.',243),(1338,'The cello is held between your knees and played with a bow. ','첼로는 무릎 사이에 끼워져 활로 연주된다.',243),(1339,'When you play the cello, the strings vibrate and make sound. ','첼로를 연주하면 현이 진동하고 소리가 납니다.',243),(1340,'The cello is an important part of an orchestra. ','첼로는 오케스트라의 중요한 부분이다.',243),(1341,'I want to learn how to play the cello when I grow up. ','나는 커서 첼로를 배우고 싶다.',243),(1342,'The cello is a cool instrument that makes music. ','첼로는 음악을 만드는 멋진 악기이다.',243),(1343,'Who wants to join me in playing the cello for a song?','나랑 같이 첼로 연주할 사람?',243),(1344,'My mommy talks to her friends on her cell phone.','우리 엄마는 핸드폰으로 친구들과 이야기를 해.',245),(1345,'Daddy takes pictures of us with his cell phone.','아빠는 핸드폰으로 우리 사진을 찍으셔.',245),(1346,'I drew a purple flower with my crayon.','나는 크레용으로 자주색 꽃을 그렸다.',246),(1347,'We colored a rainbow in the sky with our crayons.','우리는 크레용으로 하늘에 무지개를 색칠했다.',246),(1348,'Can you lend me your green crayon to color the tree?','너는 나에게 너의 초록색 크레용을 빌려줄 수 있니?',246),(1349,'My favorite crayon is the red one.','내가 가장 좋아하는 크레용은 빨간 크레용이다.',246),(1350,'The light bulb brightens up the room.','전구가 방을 밝게 비춘다.',247),(1351,'I turned on the light bulb to see my toys.','나는 내 장난감을 보기 위해 전구를 켰다.',247),(1352,'The light bulb can be yellow, white, or blue.','전구는 노란색, 흰색 또는 파란색일 수 있습니다.',247),(1353,'The light bulb hangs from the ceiling.','전구가 천장에 매달려 있다.',247),(1354,'The light bulb makes it easier to read a book.','전구는 책을 읽기 쉽게 해준다.',247),(1355,'If the light bulb is broken, we need to replace it.','전구가 고장났으면 교체해야 해요.',247),(1356,'The light bulb helps us see in the dark.','전구는 우리가 어둠 속에서 볼 수 있도록 도와준다.',247),(1357,'The octopus has eight long arms.','문어는 8개의 긴 팔을 가지고 있다.',248),(1358,'The octopus is a sea creature.','문어는 바다 생물이다.',248),(1359,'The octopus can change its color to blend in with the surroundings.','문어는 주변 환경과 섞이기 위해 색깔을 바꿀 수 있습니다.',248),(1360,'The octopus likes to eat small fish and crabs.','문어는 작은 물고기와 게를 먹는 것을 좋아한다.',248),(1361,'The octopus is very smart and can solve puzzles.','문어는 매우 영리하고 퍼즐을 풀 수 있습니다.',248),(1362,'If the octopus is scared or threatened, it can release ink to escape.','만약 문어가 겁을 먹거나 위협을 받는다면, 탈출하기 위해 잉크를 방출할 수 있습니다.',248),(1363,'The octopus lives in the ocean and can swim very fast.','문어는 바다에서 살고 매우 빨리 헤엄칠 수 있습니다.',248),(1364,'Octopuses like to hide in crevices and small spaces.','문어는 틈과 작은 공간에 숨는 것을 좋아한다.',248),(1365,'The octopus is a fascinating animal to learn about.','문어는 배우기에 매력적인 동물입니다.',248),(1366,'If you ever see an octopus, be sure to admire it from a safe distance.','만약 여러분이 문어를 본다면, 안전한 거리에서 그것을 감상하는 것을 잊지 마세요.',248),(1367,'I wash my hands in the sink before eating my snacks.','나는 과자를 먹기 전에 싱크대에서 손을 씻는다.',249),(1368,'The fish in the tank swim around and explore their underwater sink.','탱크 안에 있는 물고기들은 헤엄치며 그들의 수중 싱크를 탐험합니다.',249),(1369,'I accidentally dropped my toy car in the sink and had to fish it out with a spoon.','나는 실수로 내 장난감 자동차를 싱크대에 빠뜨려서 숟가락으로 그것을 건져내야 했다.',249),(1370,'The teacher showed us how to brush our teeth in the sink after lunchtime.','선생님은 우리에게 점심시간 후에 싱크대에서 양치하는 법을 가르쳐 주셨다.',249),(1371,'We filled the sink with bubbles and played with our rubber ducks during bath time.','우리는 목욕 시간 동안 싱크대를 거품으로 채우고 고무 오리들과 놀았습니다.',249),(1372,'I filled up a bucket with water to water the plants.','나는 식물에 물을 주기 위해 양동이에 물을 채웠다.',250),(1373,'We played with beach toys and built sandcastles with our bucket on the beach.','우리는 해변 장난감을 가지고 놀았고 해변에서 양동이로 모래성을 쌓았다.',250),(1374,'I used a bucket to collect seashells at the seashore.','나는 해변에서 조개를 모으기 위해 양동이를 사용했다.',250),(1375,'We made a colorful bucket list of things we want to do this summer.','우리는 올 여름에 하고 싶은 것들을 다채로운 버킷 리스트로 만들었습니다.',250),(1376,'I put my toys in a bucket to keep them organized.','나는 장난감을 정리하기 위해 양동이에 넣었다.',250),(1377,'We used a bucket and a hose to create a fun and wet game of water tag.','우리는 양동이와 호스를 사용하여 재미있고 젖은 워터 태그 게임을 만들었습니다.',250),(1378,'I painted a picture of a bucket filled with flowers.','나는 꽃으로 가득 찬 양동이를 그렸다.',250),(1379,'We used a bucket to collect candy on Halloween.','우리는 할로윈에 사탕을 모으기 위해 양동이를 사용했다.',250),(1380,'I made a birdhouse out of an old bucket.','나는 낡은 양동이로 새집을 만들었다.',250),(1381,'We went apple picking and filled our bucket with juicy apples.','우리는 사과를 따러 가서 양동이에 즙이 많은 사과를 채웠다.',250),(1382,'The sun is a big ball of fire in the sky.','태양은 하늘에 있는 큰 불덩어리이다.',252),(1383,'The sun makes the flowers grow and helps us see.','태양은 꽃을 자라게 하고 우리가 볼 수 있도록 도와줍니다.',252),(1384,'We wear hats and sunscreen to protect ourselves from the sun.','우리는 태양으로부터 우리 자신을 보호하기 위해 모자와 자외선 차단제를 씁니다.',252),(1385,'The sun rises in the morning and sets in the evening.','해는 아침에 뜨고 저녁에 진다.',252),(1386,'The sun gives us warmth and makes the world a bright place.','태양은 우리에게 따뜻함을 주고 세상을 밝은 곳으로 만듭니다.',252),(1387,'Animals like to bask in the sun to warm up their bodies.','동물들은 몸을 따뜻하게 하기 위해 햇볕을 쬐는 것을 좋아한다.',252),(1388,'We can draw pictures of the sun with yellow crayons.','우리는 노란색 크레용으로 태양의 그림을 그릴 수 있다.',252),(1389,'In the summer, we like to play outside in the sun.','여름에, 우리는 태양 아래 밖에서 노는 것을 좋아한다.',252),(1390,'The sun is a star and is very far away from us.','태양은 별이고 우리로부터 매우 멀리 떨어져 있다.',252),(1391,'We can watch the sun set from our backyard.','우리는 뒤뜰에서 해가 지는 것을 볼 수 있다.',252),(1392,'The boy at the party wore a shiny bowtie.','파티에 있던 소년은 빛나는 나비넥타이를 입고 있었다.',253),(1393,'I like to dress up my stuffed animals with bowties.','나는 내 인형들을 나비넥타이로 치장하는 것을 좋아한다.',253),(1394,'My daddy always wears a bowtie to work.','우리 아빠는 직장에 항상 나비넥타이를 입으셔.',253),(1395,'When I grow up, I want to wear a fancy bowtie like my grandpa.','나도 커서 할아버지처럼 멋진 나비넥타이를 입고 싶어.',253),(1396,'We made paper bowties for our puppet show. ','우리는 인형극을 위해 종이 나비넥타이를 만들었다.',253),(1397,'The clown at the circus had a silly bowtie.','서커스단의 광대는 바보 같은 나비넥타이를 하고 있었다.',253),(1398,'I saw a man with a bowtie on TV last night.','나는 어젯밤 TV에서 나비넥타이를 맨 남자를 보았다.',253),(1399,'My teacher wore a bowtie to school today.','오늘은 선생님이 나비넥타이를 입고 학교에 오셨다.',253),(1400,'My cat looks cute with a little bowtie around his neck.','내 고양이는 목에 작은 나비넥타이를 매고 있어서 귀여워 보인다.',253),(1401,'The hockey puck is a small, black disc that the players use to score goals.','하키 퍽은 선수들이 골을 넣기 위해 사용하는 작고 검은 디스크이다.',254),(1402,'When you play hockey, you need to wear special gear, like a helmet and gloves, to protect you from the puck.','하키를 할 때, 여러분은 퍽으로부터 여러분을 보호하기 위해 헬멧과 장갑과 같은 특별한 장비를 착용해야 합니다.',254),(1403,'The hockey puck glides on the ice when the players hit it with their sticks.','하키 퍽은 선수들이 막대기로 치면 얼음 위를 미끄러져요.',254),(1404,'The goalie must try to stop the hockey puck from going into the net.','골키퍼는 하키 퍽이 골대 안으로 들어가는 것을 막으려고 노력해야 한다.',254),(1405,'Sometimes the hockey puck can bounce off the boards and come back onto the ice.','때때로 하키 퍽은 보드에서 튕겨져 나와 얼음 위로 돌아올 수 있다.',254),(1406,'In hockey, the player who scores the most goals with the puck is the winner.','하키에서는 퍽으로 가장 많은 골을 넣은 선수가 승자입니다.',254),(1407,'My teacher uses a laptop to show us pictures during class.','나의 선생님은 수업시간에 우리에게 사진을 보여주기 위해 노트북을 사용한다.',255),(1408,'The tall palm tree swayed in the breeze.','키 큰 야자수가 미풍에 흔들렸다.',256),(1409,'The monkey climbed up the palm tree to get some coconuts.','원숭이는 코코넛을 얻기 위해 야자나무에 올라갔다.',256),(1410,'I saw a parrot perched on a palm tree.','나는 야자수에 앉아 있는 앵무새를 보았다.',256),(1411,'The shade of the palm tree kept us cool on a hot day.','야자수 그늘이 더운 날에 우리를 시원하게 해주었다.',256),(1412,'The beach was lined with palm trees. ','해변에는 야자수들이 줄지어 있었다.',256),(1413,'A hammock hung between two palm trees.','두 종려나무 사이에 해먹이 걸려 있었다.',256),(1414,'The beach party was held under the tall palm tree.','해변 파티는 키 큰 야자수 나무 아래서 열렸다.',256),(1415,'The leaves of the palm tree rustled in the wind.','야자수 잎이 바람에 바스락거렸다.',256),(1416,'I used a palm tree to help me find my way back to our beach towel.','나는 우리의 비치타월로 돌아가는 길을 돕기 위해 야자수를 사용했다.',256),(1417,'The branches of the palm tree made a great hide-and-seek spot.','야자수 가지가 숨바꼭질하기 좋은 장소가 되었다.',256),(1418,'I brush my teeth with a toothbrush every morning and night.','나는 매일 아침과 밤에 칫솔로 이를 닦는다.',257),(1419,'A toothbrush has bristles that clean away food and germs from my teeth.','칫솔은 내 이빨에 있는 음식과 세균을 깨끗하게 해주는 강모를 가지고 있다.',257),(1420,'I love my colorful toothbrush because it makes brushing my teeth more fun.','나는 내 알록달록한 칫솔이 양치질을 더 재미있게 해주기 때문에 좋아.',257),(1421,'Mama says we need to change our toothbrush every three months to keep our teeth healthy.','엄마는 치아를 건강하게 유지하기 위해 3개월마다 칫솔을 바꿔야 한다고 말씀하셨어.',257),(1422,'Brushing with a toothbrush and toothpaste helps prevent cavities and bad breath.','칫솔과 치약으로 양치질을 하면 충치와 구취를 예방하는데 도움이 됩니다.',257),(1423,'I learned how to brush my teeth with a toothbrush at school today.','나는 오늘 학교에서 칫솔로 이를 닦는 법을 배웠어.',257),(1424,'My toothbrush has a small head that fits perfectly in my mouth.','내 칫솔은 내 입에 딱 맞는 작은 머리를 가지고 있다.',257),(1425,'I always remember to rinse my toothbrush with water after brushing to keep it clean.','나는 항상 칫솔을 깨끗하게 유지하기 위해 양치 후에 물로 양치질을 하는 것을 기억한다.',257),(1426,'My dentist gave me a new toothbrush at my check-up yesterday.','어제 치과의사가 검진 때 새 칫솔을 줬어요.',257),(1427,'Using a toothbrush is an important part of my daily routine to keep my teeth strong and healthy.','칫솔을 사용하는 것은 치아를 튼튼하고 건강하게 유지하기 위해 내 일상의 중요한 부분입니다.',257),(1428,'My dad uses an axe to chop wood for our fireplace.','우리 아빠는 벽난로를 위해 나무를 자를 때 도끼를 사용한다.',258),(1429,'The lumberjack swung the axe to cut down the tree.','벌목꾼은 도끼를 휘둘러 나무를 베었다.',258),(1430,'The firefighter used an axe to break down the door during an emergency.','소방관은 비상시에 도끼로 문을 부수었다.',258),(1431,'Bob the Builder used his trusty axe to fix the broken bridge.','Bob the Builder는 부러진 다리를 고치기 위해 그의 신뢰할 수 있는 도끼를 사용했다.',258),(1432,'The brave knight used his axe to battle the fire-breathing dragon.','그 용감한 기사는 도끼로 불을 뿜는 용과 싸웠다.',258),(1433,'We should never play with axes because they are dangerous tools.','도끼는 위험한 도구이기 때문에 절대로 가지고 놀면 안 됩니다.',258),(1434,'In winter, we use an axe to break the ice so we can go ice fishing.','겨울에, 우리는 얼음 낚시를 갈 수 있도록 얼음을 깨기 위해 도끼를 사용합니다.',258),(1435,'Paul Bunyan was a famous lumberjack known for his strength and use of an axe.','Paul Bunyan은 그의 힘과 도끼 사용으로 유명한 나무꾼이었다.',258),(1436,'The carpenter used an axe to shape the wooden planks for the treehouse.','목수는 나무판자 모양을 만들기 위해 도끼를 사용했다.',258),(1437,'The brave little lumberjack saved the day by using his tiny axe to attack the giant tree stump.','그 용감한 작은 나무꾼은 그의 작은 도끼로 거대한 나무 그루터기를 공격함으로써 그 날을 구했다.',258),(1438,'The teacher handed out markers to each student in the kindergarten class.','선생님은 유치원 수업 시간에 각 학생들에게 마커를 나눠주었다.',259),(1439,'The children used colorful markers to draw pictures of their favorite animals.','아이들은 그들이 가장 좋아하는 동물의 그림을 그리기 위해 다채로운 마커를 사용했습니다.',259),(1440,'The yellow marker was passed around the circle for each child to use.','노란색 마커는 각 아이들이 사용할 수 있도록 원 주위에 전달되었습니다.',259),(1441,'The sea turtle is a special animal that lives in the ocean. ','바다 거북은 바다에 사는 특별한 동물입니다.',260),(1442,'Sea turtles can swim really fast and dive deep underwater. ','바다거북은 정말 빨리 헤엄칠 수 있고 물속 깊은 곳으로 잠수할 수 있습니다.',260),(1443,'Some sea turtles are the size of a dinner plate and others are as big as a car! ','어떤 바다 거북들은 저녁 접시 크기이고 다른 거북들은 차만큼 큽니다!',260),(1444,'The sea turtle has a hard shell that protects it from predators. ','바다 거북은 포식자들로부터 자신을 보호하는 단단한 껍질을 가지고 있습니다.',260),(1445,'Baby sea turtles hatch from eggs on the beach and make their way to the ocean. ','아기 바다 거북이들은 해변에서 알에서 부화하여 바다로 갑니다.',260),(1446,'Sea turtles eat things like jellyfish, shrimp, and seaweed. ','바다 거북은 해파리, 새우, 해초와 같은 것들을 먹습니다.',260),(1447,'The bush has green leaves and brown branches.','덤불은 녹색 잎과 갈색 가지를 가지고 있다.',261),(1448,'I saw a bird sitting on the bush.','나는 덤불 위에 앉아 있는 새를 보았다.',261),(1449,'The bush is a great hiding spot for animals.','덤불은 동물들의 훌륭한 은신처이다.',261),(1450,'I picked some berries from the bush for a snack.','나는 간식으로 덤불에서 베리 몇 개를 땄다.',261),(1451,'The lantern shines bright in the dark.','등불이 어둠 속에서 밝게 빛난다.',262),(1452,'We decorated the lantern with colorful papers and stickers.','우리는 화려한 종이와 스티커로 랜턴을 장식했습니다.',262),(1453,'I lit up the lantern and showed it to my friends.','나는 랜턴에 불을 붙여 친구들에게 보여주었다.',262),(1454,'The lantern reminds me of the festival of lights.','그 등불은 나에게 빛의 축제를 떠올리게 한다.',262),(1455,'We sang songs around the lantern during our camping trip.','우리는 캠핑 여행 중에 랜턴 주위에서 노래를 불렀다.',262),(1456,'I am wearing blue pants today!','나는 오늘 파란색 바지를 입었어!',263),(1457,'My pants have pockets to hold my toys.','내 바지에는 장난감을 넣을 수 있는 주머니가 있다.',263),(1458,'I see a bird in the tree through my binoculars!','나는 쌍안경을 통해 나무에 있는 새를 본다!',264),(1459,'My binoculars help me see things that are far away.','내 쌍안경은 멀리 있는 것들을 볼 수 있게 도와준다.',264),(1460,'Look through these binoculars and see if you can find a butterfly.','이 쌍안경을 통해 나비를 찾을 수 있는지 보세요.',264),(1461,'I drew a square on my paper.','나는 종이에 정사각형을 그렸다.',265),(1462,'The table at the center of the room is a square.','방 중앙에 있는 테이블은 정사각형이다.',265),(1463,'Look, the bookshelf has many square compartments.','보세요, 책장에는 네모난 칸이 많아요.',265),(1464,'I counted the number of squares in the puzzle.','나는 퍼즐의 사각형 수를 세었다.',265),(1465,'When we play the hopscotch game, we must jump on the square carefully.','우리가 홉스캐치 게임을 할 때, 우리는 조심스럽게 광장에서 뛰어야 한다.',265),(1466,'The window in our classroom is a square shape.','우리 교실의 창문은 네모난 모양이다.',265),(1467,'The pizza my mom made was cut into perfect squares.','엄마가 만드신 피자는 완벽한 사각형으로 잘렸습니다.',265),(1468,'We learned that a square has four equal sides and corners.','우리는 정사각형이 네 개의 동일한 변과 모서리를 가지고 있다는 것을 배웠다.',265),(1469,'I used colored markers to draw a rainbow inside the square.','나는 광장 안에 무지개를 그리기 위해 색 마커를 사용했다.',265),(1470,'The tile on the floor is a square pattern.','바닥의 타일은 네모난 패턴이다.',265),(1471,'It is important to wear a helmet when riding a bike.','자전거를 탈 때 헬멧을 쓰는 것은 중요합니다.',266),(1472,'The helmet protects your head from getting hurt.','그 헬멧은 머리를 다치지 않게 보호해줍니다.',266),(1473,'Look at the cool design on my helmet!','내 헬멧의 멋진 디자인을 봐!',266),(1474,'My mom bought me a new helmet for my birthday.','엄마가 생일선물로 새 헬멧을 사주셨다.',266),(1475,'The doctor listens to my heartbeat with a stethoscope.','의사는 청진기로 내 심장 박동을 듣는다.',267),(1476,'The stethoscope helps us hear sounds in our body.','청진기는 우리 몸에서 소리를 들을 수 있도록 도와줍니다.',267),(1477,'I want to be a doctor and wear a stethoscope like a superhero cape!','나는 의사가 되어서 슈퍼히어로 망토 같은 청진기를 쓰고 싶어!',267),(1478,'Broccoli is a green vegetable.','브로콜리는 녹색 채소입니다.',268),(1479,'I like to eat broccoli with cheese.','나는 브로콜리를 치즈와 함께 먹는 것을 좋아한다.',268),(1480,'Broccoli has a lot of vitamins.','브로콜리는 많은 비타민을 가지고 있습니다.',268),(1481,'Broccoli looks like a little tree.','브로콜리는 작은 나무처럼 보입니다.',268),(1482,'Broccoli is good for my body.','브로콜리는 내 몸에 좋다.',268),(1483,'Do you want to try some broccoli?','브로콜리 먹어볼래?',268),(1484,'I feel healthy when I eat broccoli.','나는 브로콜리를 먹을 때 건강함을 느낀다.',268),(1485,'Broccoli can make me strong.','브로콜리는 나를 강하게 만들 수 있다.',268),(1486,'Broccoli is a yummy snack.','브로콜리는 맛있는 간식입니다.',268),(1487,'Eating broccoli helps me grow big and strong.','브로콜리를 먹는 것은 내가 크고 튼튼하게 자라도록 도와줍니다.',268),(1488,'I use my hand to wave hello.','나는 손으로 인사를 한다.',269),(1489,'I can write my name with my hand.','나는 내 이름을 내 손으로 쓸 수 있다.',269),(1490,'I can clap my hands to show excitement.','나는 손뼉을 쳐서 흥을 보여줄 수 있다.',269),(1491,'I can hold a ball in my hand.','나는 내 손에 공을 잡을 수 있다.',269),(1492,'I can use my hand to pick up toys.','나는 내 손으로 장난감을 집을 수 있다.',269),(1493,'I can make a handprint with paint.','나는 페인트로 손자국을 낼 수 있다.',269),(1494,'I can point to things with my hand.','나는 손으로 물건을 가리킬 수 있다.',269),(1495,'I can give a high-five with my hand.','나는 손으로 하이파이브를 할 수 있다.',269),(1496,'I can wash my hands to stay clean.','나는 청결을 유지하기 위해 손을 씻을 수 있다.',269),(1497,'I can use my hand to give someone a hug.','나는 누군가를 안아주는 데 내 손을 사용할 수 있다.',269),(1498,'The monkey is swinging from the tree branch.','원숭이가 나뭇가지에서 그네를 타고 있다.',270),(1499,'The little monkey loves to climb and play.','그 작은 원숭이는 기어올라가서 노는 것을 좋아합니다.',270),(1500,'Look at the monkey eating a banana.','바나나를 먹고 있는 원숭이를 보세요.',270),(1501,'My dad has a goatee on his chin. ','우리 아빠 턱에 염소가 있어.',271),(1502,'The goat in the petting zoo has a goatee too! ','애완동물원에 있는 염소도 염소를 가지고 있습니다!',271),(1503,'I drew a picture of a man with a long goatee. ','나는 염소수염이 긴 남자의 그림을 그렸다.',271),(1504,'My uncle shaves his goatee and grows a mustache sometimes. ','우리 삼촌은 염소 수염을 깎고 가끔 콧수염을 기른다.',271),(1505,'Santa Claus has a big white goatee!','산타클로스는 크고 하얀 염소를 가지고 있습니다!',271),(1506,'I love to eat cookies after school.','나는 방과 후에 쿠키 먹는 것을 좋아해.',272),(1507,'My mom makes the best chocolate chip cookies.','우리 엄마는 최고의 초콜릿 칩 쿠키를 만드셔.',272),(1508,'I decorated my own cookie with frosting and sprinkles.','나는 내 쿠키를 프로스팅과 스프레이로 장식했다.',272),(1509,'We left out cookies for Santa Claus on Christmas Eve.','우리는 크리스마스 이브에 산타 클로스를 위한 쿠키를 빼먹었다.',272),(1510,'I baked Christmas cookies with my grandma.','나는 할머니와 함께 크리스마스 쿠키를 구웠다.',272),(1511,'My favorite type of cookie is oatmeal raisin.','내가 가장 좋아하는 쿠키의 종류는 오트밀 건포도이다.',272),(1512,'We had a cookie party with my friends.','우리는 내 친구들과 쿠키 파티를 했다.',272),(1513,'Sometimes I share my cookies with my little brother.','가끔 나는 내 동생과 쿠키를 나눠먹는다.',272),(1514,'I like to dunk my cookie in milk before I eat it.','나는 쿠키를 먹기 전에 우유에 담그는 것을 좋아한다.',272),(1515,'My teacher gave us all a cookie for doing a good job.','우리 선생님은 우리 모두가 잘했다고 쿠키를 주셨어.',272),(1516,'My mom talks to her friend on the telephone.','나의 엄마는 그녀의 친구와 전화 통화를 한다.',273),(1517,'The chameleon can change colors to camouflage itself in its environment.','카멜레온은 환경에서 자신을 위장하기 위해 색깔을 바꿀 수 있습니다.',274),(1518,'A caterpillar can blend in with the leaves it eats using its camouflage.','애벌레는 위장을 이용하여 먹는 나뭇잎과 섞일 수 있다.',274),(1519,'Some animals have stripes or spots that help them camouflage in their natural habitat.','어떤 동물들은 그들의 자연 서식지에서 위장하는 것을 돕는 줄무늬나 반점을 가지고 있다.',274),(1520,'My grandpa has a thick, bushy moustache.','나의 할아버지는 두껍고 부스스한 콧수염을 가지고 있다.',275),(1521,'The detective had a neat and trimmed moustache.','그 형사는 단정하고 다듬어진 콧수염을 가지고 있었다.',275),(1522,'A clown might wear a fake moustache to be silly.','어릿광대는 어리석기 위해 가짜 콧수염을 쓸지도 모른다.',275),(1523,'Dad is shaving his moustache with his razor.','아빠는 면도기로 콧수염을 깎고 있다.',275),(1524,'A cowboy often sports a handlebar moustache.','카우보이는 종종 핸들바 콧수염을 자랑한다.',275),(1525,'The walrus in the zoo has a long, curly moustache.','동물원에 있는 바다코끼리는 길고 곱슬곱슬한 콧수염을 가지고 있다.',275),(1526,'A magician might pull a rabbit out of his moustache!','마술사는 그의 콧수염에서 토끼를 끌어낼지도 모른다!',275),(1527,'I drew a funny moustache on the picture of myself.','나는 내 사진에 재미있는 콧수염을 그렸다.',275),(1528,'The children love to play in the garden during recess.','아이들은 쉬는 시간에 정원에서 노는 것을 좋아한다.',276),(1529,'We planted a variety of vegetables in our kindergarten garden.','우리는 유치원 정원에 다양한 채소를 심었다.',276),(1530,'The sunflowers in our garden are as tall as the children.','우리 정원의 해바라기는 아이들만큼 키가 크다.',276),(1531,'The kindergarten class learned about pollination by observing the bees in the garden.','유치원 학급은 정원의 벌들을 관찰하면서 수분에 대해 배웠습니다.',276),(1532,'The teacher reads stories to the children in the garden on warm days.','선생님은 따뜻한 날에 정원에서 아이들에게 이야기를 읽어준다.',276),(1533,'We had a picnic in the garden to celebrate the end of the school year.','우리는 학년이 끝난 것을 축하하기 위해 정원에서 소풍을 했다.',276),(1534,'The children painted pictures of the flowers they saw in the garden.','아이들은 정원에서 본 꽃들의 그림을 그렸다.',276),(1535,'The kindergarten class composts their food scraps to help enrich the garden soil.','유치원 학급은 정원 토양을 비옥하게 하기 위해 음식 찌꺼기를 퇴비화한다.',276),(1536,'The kindergarten students made fairy houses out of sticks and leaves they found in the garden.','유치원생들은 정원에서 발견한 나뭇가지와 나뭇잎으로 요정의 집을 만들었습니다.',276),(1537,'The children eagerly waited for the school bus to arrive each morning.','아이들은 매일 아침 스쿨버스가 도착하기를 간절히 기다렸다.',277),(1538,'The driver of the school bus always greets the children with a friendly smile.','스쿨버스 운전사는 항상 친절한 미소로 아이들을 맞이한다.',277),(1539,'The kindergarten class enjoyed singing songs on the school bus during their field trip.','유치원 학급은 수학여행 동안 스쿨버스에서 노래를 부르는 것을 즐겼습니다.',277),(1540,'The fence keeps the dog inside our yard.','그 울타리는 개를 우리 마당 안에 가두어 둔다.',278),(1541,'We painted colorful flowers on the fence.','우리는 울타리에 화려한 꽃들을 그렸다.',278),(1542,'We bounce and pass the basketball to our friends. ','우리는 튕겨서 농구공을 친구들에게 패스한다.',279),(1543,'Shooting hoops is so much fun! ','후프를 쏘는 것은 정말 재미있어요!',279),(1544,'The toilet is where we go potty when we need to.','화장실은 우리가 필요할 때 화장실에 가는 곳이다.',280),(1545,'We always remember to flush the toilet after we use it.','우리는 화장실을 사용한 후에 항상 물을 내리는 것을 기억한다.',280),(1546,'It’s important to wash our hands after we use the toilet.','우리가 화장실을 사용한 후에 손을 씻는 것은 중요합니다.',280),(1547,'The toilet paper is there to help us clean ourselves after we use the toilet.','화장지는 우리가 화장실을 사용한 후에 스스로 청소하는 것을 돕기 위해 거기에 있다.',280),(1548,'We should always ask an adult for help if something goes wrong with the toilet.','우리는 화장실에 문제가 생기면 항상 어른에게 도움을 요청해야 합니다.',280),(1549,'We heat our food in the microwave.','우리는 음식을 전자레인지에 데운다.',281),(1550,'The microwave has buttons to press.','전자레인지에는 누를 수 있는 버튼이 있다.',281),(1551,'The popcorn pops in the microwave.','팝콘이 전자레인지에 튀었다.',281),(1552,'The microwave cooks things very quickly.','전자레인지는 음식을 매우 빨리 조리한다.',281),(1553,'We put our leftovers in the microwave to warm them up.','우리는 남은 음식을 데우기 위해 전자레인지에 넣었다.',281),(1554,'I like to eat hamburgers with ketchup and mustard.','나는 케첩과 머스타드와 함께 햄버거를 먹는 것을 좋아한다.',282),(1555,'A hamburger has a bun, a patty, lettuce, and tomato.','햄버거에는 빵, 패티, 양상추, 토마토가 있다.',282),(1556,'I like to have cheese on my hamburger.','나는 햄버거에 치즈를 얹는 것을 좋아한다.',282),(1557,'My favorite fast food restaurant has the best hamburgers.','내가 가장 좋아하는 패스트푸드점은 최고의 햄버거를 가지고 있다.',282),(1558,'Sometimes I like to make my own hamburgers at home with my family.','때때로 나는 가족과 함께 집에서 직접 햄버거를 만드는 것을 좋아한다.',282),(1559,'Daddy used a screwdriver to fix my toy.','아빠는 내 장난감을 고치기 위해 드라이버를 사용했다.',283),(1560,'The brown bear is big and furry.','불곰은 크고 털이 많다.',284),(1561,'Mama bear takes care of her cubs.','엄마곰은 아기곰을 돌본다.',284),(1562,'I saw a teddy bear at the toy store.','나는 장난감 가게에서 곰인형을 보았다.',284),(1563,'The polar bear lives in the snow.','북극곰은 눈 속에서 산다.',284),(1564,'The panda bear eats bamboo shoots.','판다 곰은 죽순을 먹는다.',284),(1565,'Goldilocks saw three bears in the story.','골디락스는 이야기에서 세 마리의 곰을 보았다.',284),(1566,'The bear hibernates during the winter.','곰은 겨울 동안 겨울잠을 잔다.',284),(1567,'I like to read books about bears.','나는 곰에 관한 책을 읽는 것을 좋아한다.',284),(1568,'The bear has a snout and sharp claws.','곰은 주둥이와 날카로운 발톱을 가지고 있다.',284),(1569,'The pliers helped Daddy fix the broken toy.','펜치들은 아빠가 고장난 장난감을 고치는 것을 도왔다.',285),(1570,'Mama used the pliers to pull out a nail from the wall.','엄마는 펜치로 벽에서 못을 뽑으셨다.',285),(1571,'The pliers have two arms that can grip things tightly.','펜치는 물건을 꽉 잡을 수 있는 두 개의 팔을 가지고 있다.',285),(1572,'I saw a carpenter using pliers to shape a piece of wood.','나는 목수가 펜치를 사용하여 나무 조각을 만드는 것을 보았다.',285),(1573,'You should not touch the sharp ends of the pliers.','펜치의 뾰족한 끝을 만지면 안 된다.',285),(1574,'I have a soft and fluffy cat at home.','나는 집에서 부드럽고 푹신한 고양이를 키운다.',286),(1575,'Cats like to play with toys, such as balls and strings.','고양이들은 공이나 끈 같은 장난감을 가지고 노는 것을 좋아한다.',286),(1576,'My cat likes to curl up in my lap and take a nap.','내 고양이는 내 무릎에 웅크리고 낮잠 자는 것을 좋아한다.',286),(1577,'Cats have sharp claws to help them climb and catch prey.','고양이들은 그들이 올라가 먹이를 잡는 것을 돕기 위해 날카로운 발톱을 가지고 있다.',286),(1578,'I like to give my cat treats as a reward for being a good pet.','나는 좋은 애완동물이 된 것에 대한 보상으로 내 고양이에게 간식을 주는 것을 좋아한다.',286),(1579,'Cats have long whiskers that help them sense their surroundings.','고양이는 주변 환경을 감지하는 데 도움이 되는 긴 수염을 가지고 있습니다.',286),(1580,'My cat has big green eyes that sparkle in the sunlight.','내 고양이는 햇빛에 반짝이는 커다란 녹색 눈을 가지고 있다.',286),(1581,'Some cats like to meow a lot, while others are more quiet.','어떤 고양이들은 야옹 거리는 것을 좋아하는 반면, 다른 고양이들은 더 조용합니다.',286),(1582,'I love to pet and cuddle with my cat because it makes me feel happy.','나는 고양이를 쓰다듬고 껴안는 것을 좋아한다. 왜냐하면 고양이는 나를 행복하게 만들기 때문이다.',286),(1583,'When my cat purrs, it means they are content and happy too.','내 고양이가 으르렁거릴 때, 그것은 그들이 만족하고 행복하다는 것을 의미한다.',286),(1584,'I like to eat peanut butter and jelly on bread.','나는 빵에 땅콩버터와 젤리를 발라 먹는 것을 좋아한다.',287),(1585,'Bread is made from flour, yeast, and water.','빵은 밀가루, 효모, 그리고 물로 만들어집니다.',287),(1586,'I can make a sandwich by putting ham and cheese on my bread.','나는 내 빵에 햄과 치즈를 올려서 샌드위치를 만들 수 있다.',287),(1587,'Bread is a good source of energy to help me play and learn.','빵은 내가 놀고 배우는데 도움이 되는 좋은 에너지원이다.',287),(1588,'Toasting bread makes it warm and crunchy.','빵을 구우면 따뜻하고 아삭아삭해진다.',287),(1589,'Bread comes in different shapes and sizes, like sliced bread, buns, and rolls.','빵은 얇게 썬 빵, 빵, 롤과 같은 다양한 모양과 크기로 나옵니다.',287),(1590,'I like to make bread crumbs by crushing up old bread.','나는 오래된 빵을 으깨서 빵가루를 만드는 것을 좋아한다.',287),(1591,'Bread can be used for breakfast, lunch, and dinner.','빵은 아침, 점심, 저녁으로 사용될 수 있다.',287),(1592,'Bread can be made into yummy treats like French toast and garlic bread.','빵은 프렌치 토스트와 마늘빵과 같은 맛있는 간식으로 만들어질 수 있다.',287),(1593,'Bread is a staple food in many cultures around the world.','빵은 전 세계 많은 문화권에서 주식입니다.',287),(1594,'The hockey stick is used to play a very fun game.','하키 스틱은 매우 재미있는 게임을 하는데 사용된다.',288),(1595,'My brother has a red and white hockey stick.','내 남동생은 빨간색과 흰색 하키 스틱을 가지고 있다.',288),(1596,'The vase is a beautiful decoration for our house.','그 꽃병은 우리 집을 위한 아름다운 장식이다.',289),(1597,'I picked some flowers to put in the vase for my mom.','나는 엄마를 위해 꽃병에 꽂을 꽃들을 골랐다.',289),(1598,'My dad opened a wine bottle to celebrate his birthday.','우리 아빠는 생일을 축하하기 위해 와인 병을 따셨어.',290),(1599,'My mom likes to collect empty wine bottles and decorate them.','우리 엄마는 빈 와인병을 모아서 장식하는 것을 좋아해.',290),(1600,'The wine bottle had a cork in it which we had to remove.','그 와인 병에는 코르크 마개가 있어서 우리가 그것을 제거해야 했다.',290),(1601,'We saw a wine bottle being made at a winery during our school trip.','우리는 수학여행 중 와이너리에서 와인병이 만들어지는 것을 보았다.',290),(1602,'A small wine bottle can hold just enough juice for a baby.','작은 와인 병은 아기가 마실 수 있는 충분한 주스를 담을 수 있다.',290),(1603,'I helped my grandma carry a heavy wine bottle from the store.','나는 할머니가 가게에서 무거운 와인병을 옮기는 것을 도왔다.',290),(1604,'We made a vase out of an old wine bottle in art class.','우리는 미술시간에 오래된 와인병으로 꽃병을 만들었다.',290),(1605,'The waiter brought a cool wine bottle to our table at the restaurant.','웨이터는 레스토랑에서 우리 테이블로 시원한 와인병을 가져왔다.',290),(1606,'My aunt and uncle gave me a toy wine bottle to play with in my toy kitchen.','이모와 삼촌이 장난감 주방에서 가지고 놀 장난감 와인병을 주셨다.',290),(1607,'The empty wine bottle made a loud noise when we put it in the recycling bin.','빈 포도주 병을 재활용 쓰레기통에 넣자 큰 소리가 났다.',290),(1608,'I saw a bright flash of lightning in the sky!','나는 하늘에서 번쩍이는 번개를 봤어!',291),(1609,'When lightning strikes, it makes a loud boom!','번개가 칠 때, 그것은 큰 소리를 냅니다!',291),(1610,'Thunder and lightning always come together during a storm.','천둥과 번개는 항상 폭풍이 몰아칠 때 함께 온다.',291),(1611,'Lightning bolts look like jagged lines in the sky.','번개는 하늘의 들쭉날쭉한 선처럼 보인다.',291),(1612,'Did you know that lightning can travel up to 60,000 miles per second?','여러분은 번개가 초당 60,000마일까지 이동할 수 있다는 것을 알고 있었나요?',291),(1613,'I love eating mashed potatoes for dinner!','나는 저녁으로 으깬 감자를 먹는 것을 좋아해!',292),(1614,'My mom makes the best potato salad for our family picnics.','우리 엄마는 가족 소풍을 위해 최고의 감자 샐러드를 만드셔.',292),(1615,'Mr. Potato Head is my favorite toy!','미스터 포테이토 헤드는 내가 가장 좋아하는 장난감이야!',292),(1616,'French fries are made from potatoes.','감자튀김은 감자로 만들어집니다.',292),(1617,'Potatoes grow underground, just like carrots and onions.','감자는 당근과 양파처럼 땅속에서 자란다.',292),(1618,'Baked potatoes are yummy with sour cream and chives on top.','구운 감자는 사워크림과 부추를 위에 얹으면 맛있다.',292),(1619,'I like to draw silly faces on my potato with markers.','나는 마커로 감자에 바보 같은 얼굴을 그리는 것을 좋아한다.',292),(1620,'A potato is a type of vegetable we can eat.','감자는 우리가 먹을 수 있는 채소의 한 종류이다.',292),(1621,'Chips are a fun snack made from potatoes.','감자칩은 감자로 만든 재미있는 간식입니다.',292),(1622,'Thanksgiving dinner is extra special when we have sweet potato casserole on the table.','추수감사절 저녁은 고구마 캐서롤이 식탁에 오를 때 특별하다.',292),(1623,'The trumpet is an instrument that makes loud and exciting sounds!','트럼펫은 크고 신나는 소리를 내는 악기입니다!',293),(1624,'The boy blew the trumpet at the parade and everyone cheered!','그 소년은 퍼레이드에서 트럼펫을 불었고 모든 사람들은 환호했습니다!',293),(1625,'The elephant played the trumpet with his trunk in the jungle band.','코끼리는 정글 밴드에서 코로 트럼펫을 연주했다.',293),(1626,'The monkey danced to the rhythm of the trumpet at the carnival.','원숭이는 카니발에서 트럼펫의 리듬에 맞춰 춤을 추었다.',293),(1627,'We could hear the sound of the trumpet from far away in the park.','우리는 멀리 공원에서 트럼펫 소리를 들을 수 있었다.',293),(1628,'The dragon had big wings and breathed fire.','용은 큰 날개를 가지고 있었고 불을 내뿜었다.',294),(1629,'The dragon lived in a cave.','용은 동굴에서 살았다.',294),(1630,'The princess was saved by a brave knight who defeated the dragon.','공주는 용을 물리친 용감한 기사에 의해 구조되었다.',294),(1631,'We drew pictures of dragons in class today.','우리는 오늘 수업시간에 용 그림을 그렸다.',294),(1632,'The dragon loved to eat lots of treasure and jewels.','용은 많은 보물과 보석을 먹는 것을 좋아했다.',294),(1633,'The dragon was friendly and liked to play with the other animals.','용은 친근했고 다른 동물들과 노는 것을 좋아했다.',294),(1634,'I love to eat bananas for breakfast.','나는 아침으로 바나나를 먹는 것을 좋아한다.',295),(1635,'Bananas are a delicious and healthy snack.','바나나는 맛있고 건강에 좋은 간식입니다.',295),(1636,'The monkey likes to eat bananas in the jungle.','원숭이는 정글에서 바나나를 먹는 것을 좋아한다.',295),(1637,'Bananas come in bunches and have a yellow skin.','바나나는 뭉쳐서 나오고 껍질은 노란색이다.',295),(1638,'We can make banana bread by using ripe bananas.','우리는 잘 익은 바나나를 사용하여 바나나 빵을 만들 수 있다.',295),(1639,'I like to share my banana with a friend.','나는 친구와 바나나를 나눠 먹는 것을 좋아한다.',295),(1640,'When I peel a banana, I can see its white inside.','바나나 껍질을 벗기면 속이 하얗게 보인다.',295),(1641,'Bananas grow on tall trees that have large leaves.','바나나는 큰 잎을 가진 높은 나무에서 자란다.',295),(1642,'We can make a smoothie by blending bananas with milk.','우리는 바나나와 우유를 섞음으로써 스무디를 만들 수 있다.',295),(1643,'Bananas are a good source of potassium that helps our muscles work.','바나나는 우리의 근육이 활동하도록 돕는 칼륨의 좋은 공급원입니다.',295),(1644,'I put my letter in the mailbox to send it to my friend.','나는 친구에게 편지를 보내기 위해 우편함에 넣었다.',296),(1645,'The mailman delivered a package to our mailbox today.','우체부가 오늘 우리 우편함으로 소포를 배달했다.',296),(1646,'We drew pictures of mailboxes in art class.','우리는 미술시간에 우체통 그림을 그렸다.',296),(1647,'I like to check our mailbox for letters and cards from family and friends.','나는 가족과 친구들로부터 온 편지와 카드를 위해 우리의 우편함을 확인하는 것을 좋아한다.',296),(1648,'The mailbox is painted red and stands on a post at the end of our driveway.','우체통은 빨간색으로 칠해져 있고 우리 진입로 끝에 있는 기둥 위에 서 있다.',296),(1649,'Mom left the bills in the mailbox for Dad to pick up after work.','엄마는 아빠가 퇴근 후에 가지러 갈 수 있도록 우편함에 계산서를 남겨두셨다.',296),(1650,'We learned how to address and stamp envelopes in kindergarten to send in the mailbox.','우리는 유치원에서 우편함에 보내기 위해 봉투에 주소를 쓰고 우표를 붙이는 법을 배웠습니다.',296),(1651,'The mailbox is where the mail goes in and out, like a little post office for our house.','우체통은 우리 집의 작은 우체국처럼 우편물이 드나드는 곳이다.',296),(1652,'Our neighbor decorated their mailbox with flowers and butterflies, it looks so pretty.','우리 이웃은 그들의 우편함을 꽃과 나비로 장식했는데, 그것은 너무 예뻐 보인다.',296),(1653,'We put a flag up on our mailbox to let the mailman know we have outgoing mail.','우리는 우편함에 깃발을 달아 우체부에게 우리가 보내는 우편물이 있다는 것을 알렸다.',296),(1654,'I used the garden hose to water the plants in the garden.','나는 정원에 있는 식물들에게 물을 주기 위해 정원 호스를 사용했다.',298),(1655,'The garden hose was long and green.','정원 호스는 길고 녹색이었다.',298),(1656,'We played with the garden hose on a hot summer day.','우리는 더운 여름날에 정원 호스를 가지고 놀았다.',298),(1657,'The garden hose can be used to clean outdoor toys.','정원 호스는 야외 장난감을 청소하는 데 사용될 수 있다.',298),(1658,'Dad put the garden hose away after he finished watering the lawn.','아빠는 잔디에 물을 주는 것을 끝낸 후에 정원 호스를 치웠다.',298),(1659,'The tiger has stripes all over its body.','호랑이는 온몸에 줄무늬가 있다.',299),(1660,'The tiger is a wild animal and lives in the jungle.','호랑이는 야생 동물이고 정글에서 삽니다.',299),(1661,'The tiger is a carnivore and eats only meat.','호랑이는 육식동물이고 고기만 먹는다.',299),(1662,'The tiger is the largest cat in the world.','호랑이는 세상에서 가장 큰 고양이입니다.',299),(1663,'The swan is a beautiful bird with long neck and feathers.','백조는 긴 목과 깃털을 가진 아름다운 새입니다.',300),(1664,'Look over there! A swan is swimming in the pond.','저기 좀 봐. 백조 한 마리가 연못에서 헤엄치고 있다.',300),(1665,'The swan waddles on land and glides gracefully in water.','백조는 땅에서 뒤뚱거리며 물속에서 우아하게 활공한다.',300),(1666,'I drew a picture of a swan in my drawing book.','나는 내 그림책에 백조의 그림을 그렸다.',300),(1667,'The cygnets follow their mother swan everywhere she goes.','백조들은 어미 백조가 가는 곳마다 따라다닌다.',300),(1668,'I found a shiny bottlecap on the ground.','나는 바닥에서 반짝이는 병뚜껑을 발견했다.',301),(1669,'I collect bottlecaps from all my favorite drinks.','나는 내가 좋아하는 모든 음료에서 병뚜껑을 모은다.',301),(1670,'You can use a bottlecap as a toy for your dolls.','여러분은 병뚜껑을 인형 장난감으로 사용할 수 있습니다.',301),(1671,'Wake up early with the help of your alarm clock!','자명종 시계의 도움으로 일찍 일어나세요!',302),(1672,'Do you know how to set your alarm clock for school?','너는 학교에 알람시계를 어떻게 맞추는지 아니?',302),(1673,'The loud noise of the alarm clock can be a bit scary at first!','자명종의 시끄러운 소리는 처음에는 조금 무서울 수 있습니다!',302),(1674,'I love listening to music on my stereo at home.','나는 집에서 스테레오로 음악을 듣는 것을 좋아한다.',303),(1675,'The stereo has two speakers that make the sound come from both sides.','그 스테레오에는 양쪽에서 소리가 나도록 하는 두 개의 스피커가 있다.',303),(1676,'We danced and sang along to the music on the stereo at our kindergarten party.','우리는 유치원 파티에서 스테레오로 나오는 음악에 맞춰 춤을 추고 노래를 불렀다.',303),(1677,'My parents gave me a new stereo for my birthday so I can listen to my favorite songs.','우리 부모님은 내 생일 선물로 내가 좋아하는 노래를 들을 수 있도록 새로운 스테레오를 주셨다.',303),(1678,'We learned about different instruments on the stereo during music class today.','우리는 오늘 음악 시간에 스테레오로 여러 악기에 대해 배웠습니다.',303),(1679,'The stereo volume was too loud, so we turned it down to protect our ears.','스테레오 볼륨이 너무 커서 우리는 귀를 보호하기 위해 소리를 줄였다.',303),(1680,'Our teacher played a story on the stereo during circle time and we all listened carefully.','우리 선생님은 서클 시간에 스테레오로 이야기를 들려주었고 우리는 모두 주의 깊게 들었다.',303),(1681,'I like to put on my headphones and listen to the stereo during quiet time at kindergarten.','저는 유치원에서 조용한 시간에 헤드폰을 끼고 스테레오를 듣는 것을 좋아합니다.',303),(1682,'We had to wait for our turn to play with the stereo during free choice time.','우리는 자유 선택 시간 동안 스테레오를 가지고 놀 차례를 기다려야 했다.',303),(1683,'The ant is a tiny insect that can carry things much larger than its own size.','개미는 자신의 크기보다 훨씬 더 큰 것들을 옮길 수 있는 아주 작은 곤충이다.',304),(1684,'Ants can work together in big groups to build their homes called ant hills.','개미들은 개미 언덕이라고 불리는 그들의 집을 짓기 위해 큰 그룹으로 함께 일할 수 있습니다.',304),(1685,'The queen ant is the leader of the colony and lays eggs to make more ants.','여왕개미는 군체의 리더이고 더 많은 개미를 만들기 위해 알을 낳습니다.',304),(1686,'Ants like to crawl on the ground and find food to bring back to their homes.','개미들은 땅 위를 기어다니며 그들의 집으로 가져갈 음식을 찾는 것을 좋아한다.',304),(1687,'You can see ants marching in a line in the park or in your backyard.','여러분은 공원이나 뒤뜰에서 줄을 지어 행진하는 개미들을 볼 수 있습니다.',304),(1688,'Ants have strong jaws that can crunch up leaves and other small insects.','개미들은 나뭇잎과 다른 작은 곤충들을 씹을 수 있는 강한 턱을 가지고 있다.',304),(1689,'Ants are very hardworking and never give up on their tasks.','개미들은 매우 열심히 일하고 그들의 일을 결코 포기하지 않습니다.',304),(1690,'Penguins waddle on their feet.','펭귄들은 그들의 발로 뒤뚱거린다.',305),(1691,'Penguins have a black and white body.','펭귄의 몸은 검은색과 흰색입니다.',305),(1692,'The Emperor Penguin is the tallest penguin.','황제 펭귄은 가장 키가 큽니다.',305),(1693,'Penguins live in cold places like Antarctica.','펭귄은 남극과 같은 추운 곳에서 삽니다.',305),(1694,'Penguins swim in the water to catch fish.','펭귄은 물고기를 잡기 위해 물에서 수영을 한다.',305),(1695,'A group of penguins is called a colony.','펭귄 무리는 군집이라고 불립니다.',305),(1696,'Penguins build nests to lay their eggs.','펭귄은 알을 낳기 위해 둥지를 짓습니다.',305),(1697,'Penguins use their flippers to help them swim.','펭귄은 물갈퀴를 이용하여 수영을 합니다.',305),(1698,'Baby penguins are called chicks.','아기 펭귄은 병아리라고 불립니다.',305),(1699,'Penguins love to huddle together to keep warm.','펭귄은 몸을 따뜻하게 하기 위해 옹기종기 모여 있는 것을 좋아합니다.',305),(1700,'The clarinet makes a beautiful sound.','클라리넷은 아름다운 소리를 낸다.',306),(1701,'My teacher plays the clarinet in the school band.','우리 선생님은 학교 밴드에서 클라리넷을 연주하신다.',306),(1702,'I love to listen to the clarinet when it plays a happy song.','나는 클라리넷이 행복한 노래를 연주할 때 듣는 것을 좋아한다.',306),(1703,'I want to learn how to play the clarinet when I grow up.','나는 커서 클라리넷 연주하는 법을 배우고 싶어.',306),(1704,'The clarinet is a woodwind instrument that is played by blowing into it.','클라리넷은 불어 넣어 연주하는 목관악기이다.',306),(1705,'When I see the clarinet, I think of music and dancing.','클라리넷을 보면 음악과 춤이 생각난다.',306),(1706,'The clarinet is long and skinny, with a mouthpiece at one end and buttons to press at the other.','클라리넷은 길고 말랐으며, 한쪽 끝에는 마우스피스가 있고 다른 쪽 끝에는 버튼이 있다.',306),(1707,'The clarinetist moves their fingers quickly to make different notes while playing.','클라리넷 연주자는 연주하는 동안 다른 음을 내기 위해 손가락을 빠르게 움직입니다.',306),(1708,'We can hear the clarinet in many different kinds of music, like jazz or classical.','우리는 클라리넷을 재즈나 클래식과 같은 많은 다른 종류의 음악으로 들을 수 있다.',306),(1709,'I think the clarinet is cool because it can make so many different sounds!','클라리넷은 매우 다양한 소리를 낼 수 있기 때문에 멋지다고 생각해!',306),(1710,'I love to eat ice cream on a hot summer day.','나는 더운 여름날에 아이스크림 먹는 것을 좋아한다.',307),(1711,'Chocolate ice cream is my favorite flavor.','초콜릿 아이스크림은 내가 가장 좋아하는 맛이다.',307),(1712,'I like to put sprinkles on my ice cream for extra fun.','나는 특별한 재미를 위해 아이스크림에 스프링클을 바르는 것을 좋아한다.',307),(1713,'Ice cream comes in many different colors and flavors.','아이스크림은 다양한 색깔과 맛이 있습니다.',307),(1714,'Eating ice cream with my friends is so much fun.','친구들과 아이스크림을 먹는 것은 너무 재미있다.',307),(1715,'I like to have a cone when I eat my ice cream.','나는 아이스크림을 먹을 때 콘을 먹는 것을 좋아한다.',307),(1716,'Ice cream makes me smile.','아이스크림은 나를 웃게 만든다.',307),(1717,'I scream, you scream, we all scream for ice cream!','내가 소리를 지르고, 너가 소리를 지르고, 우리 모두 아이스크림을 달라고 소리 질러!',307),(1718,'Eating too much ice cream can give me a tummy ache.','아이스크림을 너무 많이 먹으면 배가 아플 수 있어요.',307),(1719,'Ice cream is a special treat that I enjoy.','아이스크림은 내가 즐기는 특별한 간식이다.',307),(1720,'Grapes are sweet and juicy.','포도는 달고 즙이 많다.',310),(1721,'Grapes come in different colors like green and purple.','포도는 녹색과 보라색과 같은 다른 색을 가지고 있습니다.',310),(1722,'I love to eat grapes for a snack.','나는 간식으로 포도를 먹는 것을 좋아한다.',310),(1723,'Grapes can be turned into yummy juice.','포도는 맛있는 주스로 변할 수 있다.',310),(1724,'Seeds are found inside grapes.','씨앗은 포도 안에서 발견된다.',310),(1725,'You can have fun counting grapes to practice math.','여러분은 수학을 연습하기 위해 포도를 세는 재미를 느낄 수 있습니다.',310),(1726,'Grapes grow on vines in a vineyard.','포도는 포도밭의 덩굴에서 자란다.',310),(1727,'Grape jelly is delicious on toast.','포도 젤리는 토스트에 발라 먹으면 맛있다.',310),(1728,'Grapes can be used to make raisins.','포도는 건포도를 만드는데 사용될 수 있다.',310),(1729,'Eating grapes can help keep us healthy.','포도를 먹는 것은 우리의 건강을 유지하는데 도움을 줄 수 있습니다.',310),(1730,'The sailboat sails across the lake.','범선이 호수를 가로질러 항해한다.',311),(1731,'The sailboat has a white sail.','돛단배는 흰색 돛을 가지고 있다.',311),(1732,'I see a sailboat in the water.','나는 물 속에 범선이 있는 것을 보았다.',311),(1733,'The sailboat is going fast.','범선이 빠르게 달리고 있다.',311),(1734,'A hourglass is a tool that measures time.','모래시계는 시간을 측정하는 도구이다.',312),(1735,'The sand in the hourglass falls from the top to the bottom.','모래시계의 모래는 위에서 아래로 떨어진다.',312),(1736,'I like to watch the sand move in the hourglass.','나는 모래시계에서 모래가 움직이는 것을 보는 것을 좋아한다.',312),(1737,'An hourglass has a narrow middle and two bulbous ends.','모래시계는 가운데가 좁고 끝이 두 개의 구근 모양이다.',312),(1738,'Time goes by quickly when you watch an hourglass.','모래시계를 보면 시간이 빨리 지나간다.',312),(1739,'Hourglasses were used in the olden days to time things.','옛날에는 시곗바늘이 시간을 재는 데 사용되었다.',312),(1740,'One hourglass can measure different amounts of time depending on its size.','모래시계 하나는 크기에 따라 다른 시간의 양을 측정할 수 있다.',312),(1741,'Hourglasses come in many different shapes and sizes.','시곗바늘은 다양한 모양과 크기로 나온다.',312),(1742,'Hourglasses are fun to play with and learn about time.','아워글라스는 시간에 대해 배우고 가지고 노는 것이 재미있다.',312),(1743,'You can flip an hourglass to start the sand over again.','모래시계를 뒤집어서 모래를 다시 시작할 수 있습니다.',312),(1744,'I love playing baseball in the park with my friends! ','나는 친구들과 공원에서 야구하는 것을 좋아해!',313),(1745,'Baseball is my favorite sport to watch on TV. ','야구는 내가 TV에서 보는 가장 좋아하는 스포츠이다.',313),(1746,'I wear a baseball hat to protect my face from the sun. ','나는 햇빛으로부터 내 얼굴을 보호하기 위해 야구 모자를 쓴다.',313),(1747,'The ball in baseball is called a baseball. ','야구에서 공은 야구라고 불린다.',313),(1748,'The pitcher throws the ball in baseball. ','야구에서 투수는 공을 던진다.',313),(1749,'We have to run to the bases in baseball to score points. ','우리는 점수를 얻기 위해 야구장으로 달려가야 한다.',313),(1750,'My dad and I play catch with a baseball in our backyard. ','아빠와 나는 뒷마당에서 야구공을 가지고 캐치볼을 한다.',313),(1751,'In baseball, the team with the most points at the end of the game wins. ','야구에서는 경기가 끝날 때 가장 많은 점수를 얻은 팀이 이깁니다.',313),(1752,'I am learning how to swing a baseball bat in my baseball class. ','나는 야구 시간에 야구 방망이를 휘두르는 법을 배우고 있다.',313),(1753,'I think baseball is fun because you get to wear cool jerseys!','야구는 멋진 운동복을 입을 수 있기 때문에 재미있다고 생각해!',313),(1754,'Look at the speedboat go!','쾌속정이 출발하는 것을 보세요!',314),(1755,'The speedboat is so fast in the water.','쾌속정은 물속에서 매우 빠르다.',314),(1756,'My favorite thing to do on vacation is ride a speedboat.','내가 휴가 때 가장 좋아하는 일은 쾌속정을 타는 것이다.',314),(1757,'The raccoon has black circles around its eyes.','너구리는 눈 주위에 검은 원을 가지고 있다.',315),(1758,'The raccoon likes to eat berries and nuts.','너구리는 베리와 견과류를 먹는 것을 좋아한다.',315),(1759,'The raccoon has a furry tail.','너구리는 털이 많은 꼬리를 가지고 있다.',315),(1760,'The raccoon likes to climb trees and explore.','너구리는 나무에 올라가 탐험하는 것을 좋아합니다.',315),(1761,'The raccoon is a nocturnal animal, which means it sleeps during the day and is active at night.','너구리는 야행성 동물로 낮에는 자고 밤에는 활동적이라는 뜻입니다.',315),(1762,'When we go on vacation, we pack our clothes in a suitcase. ','우리는 휴가를 갈 때 여행 가방에 옷을 싸요.',316),(1763,'The traveler carried his suitcase with him on the train. ','그 여행자는 여행 가방을 기차에 싣고 갔다.',316),(1764,'My favorite color for a suitcase is pink. ','내가 가장 좋아하는 여행 가방 색깔은 분홍색이다.',316),(1765,'Mom helped me pack my toys in my suitcase for our trip. ','엄마는 여행을 위해 내가 장난감을 여행 가방에 싸는 것을 도와주셨다.',316),(1766,'The suitcase was heavy because it was full of books. ','여행 가방은 책으로 가득 차 있어서 무거웠다.',316),(1767,'We put stickers on our suitcases to make them easy to find at the airport. ','우리는 공항에서 쉽게 찾을 수 있도록 여행 가방에 스티커를 붙였습니다.',316),(1768,'I saw a cartoon with a funny-looking suitcase that had legs and walked by itself. ','나는 재미있게 생긴 여행 가방이 다리가 있고 혼자 걷는 만화를 보았다.',316),(1769,'I always check to make sure I have my toothbrush in my suitcase when we travel. ','나는 여행할 때 항상 여행 가방에 칫솔이 있는지 확인한다.',316),(1770,'My little brother likes to ride on our suitcase like a scooter. ','내 남동생은 스쿠터처럼 여행 가방에 타는 것을 좋아한다.',316),(1771,'When we got to our hotel room, we put our suitcase on the luggage rack.','우리가 호텔 방에 도착했을 때, 우리는 여행 가방을 짐칸 위에 올려놓았다.',316),(1772,'We used a spreadsheet to keep track of how many crayons we had in the classroom.','우리는 교실에 크레용이 몇 개 있는지 기록하기 위해 스프레드시트를 사용했습니다.',318),(1773,'The boy wore his blue shorts to play on the playground.','그 소년은 운동장에서 놀기 위해 파란색 반바지를 입었다.',319),(1774,'I found a cute pair of shorts for my daughter at the store.','나는 가게에서 내 딸을 위한 귀여운 반바지를 발견했다.',319),(1775,'I have two socks, one for each foot.','나는 두 개의 양말이 있는데, 각각의 발에 하나씩 있다.',320),(1776,'I like to wear colorful socks with my shoes.','나는 내 신발과 함께 화려한 양말을 신는 것을 좋아한다.',320),(1777,'My mom washes my socks in the laundry.','엄마는 내 양말을 세탁기에서 씻겨준다.',320),(1778,'I keep my socks in a drawer with my other clothes.','나는 내 양말을 다른 옷들과 함께 서랍에 보관한다.',320),(1779,'Sometimes I lose a sock and have to search for it.','때때로 나는 양말을 잃어버려서 그것을 찾아야만 한다.',320),(1780,'Socks keep my feet warm and cozy.','양말은 내 발을 따뜻하고 포근하게 해준다.',320),(1781,'The camel has a hump on its back that stores water.','낙타의 등에는 물을 저장하는 혹이 있다.',321),(1782,'The camel is known as the ship of the desert.','낙타는 사막의 배로 알려져 있다.',321),(1783,'The camel has long legs which help it to walk easily on the sand.','낙타는 모래 위를 쉽게 걸을 수 있도록 도와주는 긴 다리를 가지고 있다.',321),(1784,'The camel is a very important animal for people who live in desert regions.','낙타는 사막 지역에 사는 사람들에게 매우 중요한 동물이다.',321),(1785,'The baseball bat is used to hit the ball.','야구 방망이는 공을 치기 위해 사용된다.',322),(1786,'I love playing baseball with my bat.','나는 내 방망이로 야구하는 것을 좋아한다.',322),(1787,'The bat can be heavy, but I can hold it and swing it.','방망이는 무거울 수 있지만, 나는 그것을 잡고 휘두를 수 있다.',322),(1788,'The coach showed us how to hold the bat correctly.','코치는 우리에게 배트를 정확하게 잡는 방법을 보여주었다.',322),(1789,'My favorite color for a baseball bat is red.','내가 좋아하는 야구 방망이 색깔은 빨간색이다.',322),(1790,'The sound of the bat hitting the ball is loud.','배트가 공을 치는 소리가 크다.',322),(1791,'We need a bat, ball, and glove to play baseball.','우리는 야구를 하기 위해 방망이, 공, 장갑이 필요하다.',322),(1792,'You can hit the ball far with a strong swing of the bat.','배트를 강하게 휘두르면 멀리까지 공을 칠 수 있다.',322),(1793,'I practice hitting the ball with my bat every day.','나는 매일 내 방망이로 공을 치는 연습을 한다.',322),(1794,'My dad helps me choose the perfect size bat for me to use.','우리 아빠는 내가 사용할 수 있는 완벽한 크기의 박쥐를 고르는 것을 도와주신다.',322),(1795,'A lobster is a funny-looking sea creature with big claws.','바닷가재는 큰 발톱을 가진 재미있게 생긴 바다 생물입니다.',323),(1796,'Lobsters live in the ocean and like to crawl along the bottom.','바닷가재는 바다에 살고 바닥을 기어다니는 것을 좋아한다.',323),(1797,'If you see a lobster, be careful of its sharp claws.','만약 여러분이 바닷가재를 본다면, 날카로운 발톱을 조심하세요.',323),(1798,'People like to eat lobster at fancy restaurants.','사람들은 고급 레스토랑에서 랍스터를 먹는 것을 좋아한다.',323),(1799,'Lobsters are a kind of seafood that taste really good with butter.','바닷가재는 버터와 함께 먹으면 정말 맛있는 해산물의 일종이다.',323),(1800,'I love to drink hot chocolate out of my favorite coffee cup.','나는 내가 가장 좋아하는 커피잔에서 핫초코를 마시는 것을 좋아한다.',324),(1801,'Mommy always drinks her coffee in her shiny, red coffee cup.','엄마는 항상 빛나는 빨간 커피잔에 커피를 마신다.',324),(1802,'My teacher likes to start her morning with a big cup of coffee.','나의 선생님은 큰 커피 한 잔으로 아침을 시작하는 것을 좋아한다.',324),(1803,'I have a green dresser in my room.','나는 내 방에 초록색 화장대가 있다.',325),(1804,'My mom keeps my clothes in the dresser.','엄마는 내 옷을 옷장에 보관하신다.',325),(1805,'I love organizing my socks in the dresser drawer.','나는 화장대 서랍에 양말을 정리하는 것을 좋아한다.',325),(1806,'My dresser has four drawers and a mirror on top.','내 옷장에는 네 개의 서랍과 위에 거울이 있다.',325),(1807,'My favorite shirt is in the top drawer of my dresser.','내가 가장 좋아하는 셔츠는 옷장 맨 위 서랍에 있다.',325),(1808,'The ocean is a big body of water.','바다는 큰 수역이다.',326),(1809,'We can see many animals in the ocean.','우리는 바다에서 많은 동물들을 볼 수 있다.',326),(1810,'The ocean is very deep and very blue.','바다는 매우 깊고 매우 파랗습니다.',326),(1811,'I like to play in the sand at the ocean.','나는 바다의 모래에서 노는 것을 좋아한다.',326),(1812,'The waves in the ocean make a splashy sound.','바다의 파도가 요란한 소리를 낸다.',326),(1813,'The sun shines on the ocean and makes it sparkle.','태양은 바다를 비추고 그것을 반짝이게 만든다.',326),(1814,'Fish live in the ocean and swim all around.','물고기는 바다에서 살고 사방을 헤엄친다.',326),(1815,'We can find pretty seashells at the ocean.','우리는 바다에서 예쁜 조개를 발견할 수 있다.',326),(1816,'The ocean is a beautiful place to visit.','바다는 방문하기에 아름다운 장소이다.',326),(1817,'The lightning bolt made a zigzag in the sky.','번개가 하늘을 지그재그로 날았다.',327),(1818,'The path through the maze went in a zigzag pattern.','미로를 통과하는 길은 지그재그 형태로 진행되었다.',327),(1819,'The snake slithered in a zigzag motion.','그 뱀은 지그재그로 미끄러졌다.',327),(1820,'The caterpillar crawled in a zigzag line on the leaf.','애벌레는 나뭇잎 위를 지그재그로 기어갔다.',327),(1821,'The mountain road had many zigzag turns.','그 산길은 지그재그로 도는 것이 많았다.',327),(1822,'The kite flew in a zigzag pattern, up and down.','연은 위아래로 지그재그 모양으로 날았다.',327),(1823,'My pencil made a zigzag line on the paper.','내 연필은 종이 위에 지그재그로 선을 그었다.',327),(1824,'The ants marched in a zigzag trail.','개미들은 지그재그로 행진했다.',327),(1825,'The water flowed in a zigzag pattern through the rocks.','물은 바위 사이로 지그재그 모양으로 흘렀다.',327),(1826,'We went on a cruise ship and saw dolphins jumping in the water.','우리는 유람선을 타고 돌고래들이 물속에서 뛰어드는 것을 보았다.',328),(1827,'The cruise ship had a big pool and a slide that we went down.','유람선에는 큰 수영장과 미끄럼틀이 있었고 우리는 내려갔습니다.',328),(1828,'My family and I ate lots of yummy food on the cruise ship.','우리 가족과 나는 유람선에서 맛있는 음식을 많이 먹었다.',328),(1829,'The cruise ship took us to different places every day.','그 유람선은 우리를 매일 다른 장소로 데려갔다.',328),(1830,'We slept on a comfy bed in our cabin on the cruise ship.','우리는 유람선에서 선실에서 편안한 침대에서 잠을 잤다.',328),(1831,'The cruise ship had fun games and activities for us to do.','유람선은 우리가 할 수 있는 재미있는 게임과 활동을 했다.',328),(1832,'We saw a beautiful sunset from the cruise ship.','우리는 유람선에서 아름다운 일몰을 보았다.',328),(1833,'The cruise ship had a big dance party and we all did silly dances.','유람선은 큰 댄스 파티를 열었고 우리는 모두 바보 같은 춤을 추었다.',328),(1834,'I made new friends on the cruise ship.','나는 유람선에서 새로운 친구들을 사귀었다.',328),(1835,'We took lots of pictures of us on the cruise ship to remember our vacation.','우리는 휴가를 기억하기 위해 유람선에서 사진을 많이 찍었다.',328),(1836,'I like drinking hot cocoa from my favorite mug.','나는 내가 가장 좋아하는 머그잔에서 뜨거운 코코아를 마시는 것을 좋아한다.',329),(1837,'My mom bought me a colorful mug with a cute animal on it.','엄마가 귀여운 동물이 그려진 화려한 머그컵을 사주셨어.',329),(1838,'The little mouse scurried across the floor. ','그 작은 쥐는 바닥을 허둥지둥 가로질러 갔다.',330),(1839,'The mouse nibbled on a piece of cheese. ','쥐가 치즈 한 조각을 갉아먹었다.',330),(1840,'I saw a cute mouse in the field today. ','나는 오늘 들판에서 귀여운 쥐를 보았다.',330),(1841,'The mouse was hiding in the corner. ','쥐는 구석에 숨어 있었다.',330),(1842,'The cat was chasing the mouse. ','고양이가 쥐를 쫓고 있었다.',330),(1843,'The mouse in the story wore a red shirt. ','이야기 속의 쥐는 빨간 셔츠를 입었다.',330),(1844,'The mouse made a squeaking sound. ','쥐가 삐걱거리는 소리를 냈다.',330),(1845,'We are going to the waterpark to try the giant waterslide.','우리는 거대한 물 미끄럼틀을 타보기 위해 워터파크에 갈 것이다.',331),(1846,'The waterslide at the pool was so much fun!','수영장의 물 미끄럼틀은 정말 재미있었어요!',331),(1847,'My favorite thing to do at the waterpark is go down the waterslide.','워터파크에서 내가 가장 좋아하는 것은 물 미끄럼틀을 내려가는 것이다.',331),(1848,'I had a blast going down the twisting waterslide.','나는 꼬불꼬불한 물 미끄럼틀을 타고 내려가면서 즐거운 시간을 보냈다.',331),(1849,'We set up a tent in our backyard for a camping adventure.','우리는 캠핑 모험을 위해 뒤뜰에 텐트를 쳤다.',332),(1850,'Our class had fun playing in the pretend tent during indoor recess.','우리 반은 실내 휴식 시간에 가장 텐트에서 재미있게 놀았다.',332),(1851,'The family went on a camping trip and slept in a cozy tent.','가족들은 캠핑 여행을 가서 아늑한 텐트에서 잠을 잤다.',332),(1852,'We learned how to put up a tent during our nature class.','우리는 자연 시간에 텐트 치는 법을 배웠어요.',332),(1853,'Pretending to camp in a tent was a fun activity during our outdoor playtime.','텐트에서 캠핑하는 척하는 것은 야외에서 노는 시간 동안 재미있는 활동이었습니다.',332),(1854,'I like to sleep on my soft pillow at night.','나는 밤에 부드러운 베개를 베고 자는 것을 좋아한다.',333),(1855,'My mom fluffs up my pillow before bedtime.','우리 엄마는 자기 전에 내 베개를 부풀리신다.',333),(1856,'I have a special pillow that has my name on it.','나는 내 이름이 적힌 특별한 베개를 가지고 있다.',333),(1857,'Sometimes I pretend my pillow is my friend and talk to it.','가끔 나는 내 베개가 내 친구인 척하고 그것과 이야기를 해.',333),(1858,'I like to build pillow forts with my siblings.','나는 형제들과 함께 베갯잇을 만드는 것을 좋아한다.',333),(1859,'I like to squeeze my pillow when I feel scared or upset.','나는 무서울 때나 화가 날 때 베개를 꽉 쥐는 것을 좋아해.',333),(1860,'My pillow has a funny pattern with cartoon animals on it.','내 베개는 만화 동물들이 그려진 재미있는 패턴을 가지고 있어.',333),(1861,'My dad reads me a story while I rest my head on my pillow.','아빠는 내가 베개에 머리를 얹고 쉬는 동안 나에게 이야기를 읽어준다.',333),(1862,'I love to jump on my bed and throw pillows around.','나는 침대에서 뛰어올라 베개를 던지는 것을 좋아한다.',333),(1863,'My pillowcase is my favorite color, pink.','내 베개 커버는 내가 가장 좋아하는 색깔인 분홍색이다.',333),(1864,'I went fishing with my dad and caught a big fish.','나는 아빠와 함께 낚시를 가서 큰 물고기를 잡았다.',334),(1865,'Fish live in the water and breathe through gills.','물고기는 물에서 살고 아가미를 통해 숨을 쉰다.',334),(1866,'I like to draw pictures of colorful fish in my art class.','나는 미술 시간에 다채로운 물고기 그림 그리는 것을 좋아한다.',334),(1867,'My favorite type of fish to eat is salmon.','내가 가장 좋아하는 종류의 생선은 연어이다.',334),(1868,'Some fish can swim really fast, like a shark.','어떤 물고기들은 상어처럼 정말 빨리 헤엄칠 수 있다.',334),(1869,'I have a pet goldfish named Nemo.','나는 니모라는 이름의 애완 금붕어를 키운다.',334),(1870,'We saw lots of fish when we went snorkeling in the ocean.','우리는 바다에서 스노클링을 할 때 많은 물고기를 보았다.',334),(1871,'Fish need clean water in their aquarium to be healthy.','물고기들은 건강해지기 위해 수족관에 깨끗한 물이 필요합니다.',334),(1872,'The clownfish is famous for being the main character in the movie Finding Nemo.','광대 물고기는 영화 니모를 찾아서의 주인공으로 유명합니다.',334),(1873,'I learned how to count by counting the fish in my fish tank.','나는 어항 속의 물고기를 세면서 세는 법을 배웠다.',334),(1874,'The crab scuttled across the sand at the beach.','게가 해변의 모래 위를 날쌔게 가로질러 갔다.',335),(1875,'We found a crab in the rock pool and watched it for a while.','우리는 바위 수영장에서 게를 발견하고 한동안 그것을 지켜보았다.',335),(1876,'The crab has two big pincers to protect itself.','게는 자신을 보호하기 위해 두 개의 큰 집게를 가지고 있습니다.',335),(1877,'Crabs like to eat small fish and tiny plants from the ocean.','게들은 바다에서 온 작은 물고기와 작은 식물들을 먹는 것을 좋아한다.',335),(1878,'The hermit crab lives inside a snail shell for protection.','소라게는 보호를 위해 달팽이 껍질 안에서 삽니다.',335),(1879,'I love to make funny faces with my friends.','나는 친구들과 재미있는 표정 짓는 것을 좋아해.',336),(1880,'The ambulance is a special vehicle that helps people who are sick or hurt.','앰뷸런스는 아프거나 다친 사람들을 돕는 특별한 차량이다.',337),(1881,'If someone is hurt or sick, they might need to ride in an ambulance to go to the hospital.','만약 누군가가 다치거나 아프다면, 그들은 병원에 가기 위해 구급차를 타야 할 수도 있다.',337),(1882,'Ambulances are very loud and have flashing lights and sirens to let other cars know they need to move out of the way.','구급차는 매우 시끄럽고 다른 차들이 길을 비켜야 한다는 것을 알리기 위해 번쩍이는 불빛과 사이렌을 가지고 있다.',337),(1883,'The ambulance driver and the paramedics who ride in the back are very important because they help people feel better.','구급차 운전사와 뒤에 타는 구급대원들은 사람들의 기분을 좋게 해주기 때문에 매우 중요하다.',337),(1884,'If you ever see an ambulance driving by, make sure to move out of the way so it can get to where it needs to go.','만약 여러분이 구급차가 지나가는 것을 본다면, 구급차가 필요한 곳으로 갈 수 있도록 반드시 비켜서세요.',337),(1885,'Mommy chopped a big onion for our spaghetti sauce.','엄마는 스파게티 소스를 위해 큰 양파를 썰었다.',338),(1886,'The crocodile has big teeth and a long tail.','악어는 큰 이빨과 긴 꼬리를 가지고 있다.',339),(1887,'The crocodile likes to swim in the river.','악어는 강에서 수영하는 것을 좋아한다.',339),(1888,'The crocodile is very dangerous, so we never go near it.','악어는 매우 위험하기 때문에 우리는 절대 가까이 가지 않는다.',339),(1889,'I used my leg to kick the ball.','나는 다리로 공을 찼다.',340),(1890,'My legs are long and I can run fast.','나는 다리가 길고 빨리 달릴 수 있다.',340),(1891,'I like to dance and move my legs.','나는 춤을 추고 다리를 움직이는 것을 좋아한다.',340),(1892,'I have two legs, just like you!','나도 너처럼 다리가 두 개야!',340),(1893,'I need to use my legs to climb up the stairs.','나는 계단을 오르기 위해 다리를 사용해야 한다.',340),(1894,'My legs get very tired after playing all day.','하루 종일 놀았더니 다리가 너무 피곤해요.',340),(1895,'My legs are covered in skin and have bones inside.','내 다리는 피부로 덮여 있고 안에는 뼈가 있다.',340),(1896,'I will sit criss-cross applesauce and tuck my legs in.','나는 사과 소스를 십자로 긋고 앉아서 내 다리를 집어넣을 것이다.',340),(1897,'I can feel itchy when I wear long socks on my legs.','다리에 긴 양말을 신으면 가려워요.',340),(1898,'Today is Jack\'s birthday and we have a delicious birthday cake for him!','오늘은 잭의 생일이고 우리는 그를 위해 맛있는 생일 케이크를 가지고 있어!',22),(1899,'We all sang happy birthday to our friend and blew out the candles on his birthday cake','우리는 모두 친구에게 생일 축하 노래를 부르고 생일 케이크의 촛불을 껐다.',22),(1900,'The birthday cake was decorated with colorful sprinkles, making it look so festive!','생일 케이크는 알록달록한 스프링클로 장식되어 있어 매우 축제 분위기가 물씬 풍겼습니다!',22),(1901,'We all got a slice of the yummy birthday cake to enjoy together.','우리는 모두 함께 즐길 수 우리는 모두 함께 즐길 수 있는 맛있는 생일 케이크 한 조각을 얻었다.',22),(1902,'My mom baked me a special princess birthday cake for my kindergarten birthday party.','엄마가 유치원 생일 파티를 위해 특별한 공주 생일 케이크를 만들어 주셨어.',22),(1903,'Let\'s practice our counting by putting these apples on the table.','이 사과들을 탁자 위에 놓고 계산 연습을 해 봅시다.',24),(1904,'We can learn patterns by putting different colored blocks on the table.','우리는 다른 색깔의 블록을 테이블 위에 올려놓음으로써 패턴을 배울 수 있습니다.',24),(1905,'We will use scissors and glue to make crafts on the table.','우리는 가위와 접착제를 사용하여 테이블 위에 공예품을 만들 것이다.',24),(1906,'The teacher will read us a story while we sit at the table.','우리가 테이블에 앉아 있는 동안 선생님은 우리에게 이야기를 읽어주실 것이다.',24),(1907,'I love my cozy sweater!','나는 내 포근한 스웨터가 너무 좋아!',28),(1908,'My sweater is warm and soft.','내 스웨터는 따뜻하고 부드럽다.',28),(1909,'I wear my sweater on cold days.','나는 추운 날에는 스웨터를 입는다.',28),(1910,'My grandma knit me a sweater.','할머니는 나에게 스웨터를 짜 주셨다.',28),(1911,'We cooked dinner on the stove.','우리는 난로 위에서 저녁을 요리했다.',80),(1912,'The pot sits on top of the stove.','냄비가 난로 위에 놓여 있다.',80),(1913,'The stove has four burners.','난로에는 버너가 네 개 있다.',80),(1914,'You should always ask an adult to help you use the stove.','여러분은 항상 어른에게 난로 사용을 도와달라고 부탁해야 합니다.',80),(1915,'Pineapple is a sweet and juicy fruit.','파인애플은 달고 즙이 많은 과일입니다.',98),(1916,'I love eating pineapple chunks as a snack.','나는 간식으로 파인애플 덩어리를 먹는 것을 좋아한다',98),(1917,'You can cut off the top of a pineapple and grow a new plant.','여러분은 파인애플의 윗부분을 잘라내고 새로운 식물을 기를 수 있습니다.',98),(1918,'A golf club is a tool we use to hit a golf ball.','골프채는 우리가 골프공을 치기 위해 사용하는 도구이다',131),(1919,'To be good at golf, we need to practice our golf club swings every day.','골프를 잘 치기 위해서는 골프채 스윙을 매일 연습해야 합니다.',131),(1920,'We need to be careful when swinging a golf club so we don’t hurt anyone.','우리는 골프채를 휘두를 때 조심해야 해요. 그래야 아무도 다치지 않아요.',131),(1921,'Santa Claus has a long, white beard.','산타클로스는 길고 하얀 수염을 가지고 있다.',134),(1922,'Daddy has a neat, trimmed beard.','아빠는 단정하고 다듬어진 수염을 가지고 있다.',134),(1923,'Grandpa\'s beard is soft and bushy.','할아버지의 수염은 부드럽고 무성하다.',134),(1924,'The compass helps me find my way when I\'m lost.','나침반은 내가 길을 잃었을 때 길을 찾는 것을 도와준다.',141),(1925,'A compass has four directions: north, south, east, and west.','나침반은 북쪽, 남쪽, 동쪽, 서쪽의 네 방향을 가지고 있다.',141),(1926,'We use a compass to navigate and find our way on maps','우리는 지도에서 길을 찾고 길을 찾기 위해 나침반을 사용한다.',141),(1927,'A compass always points north, no matter where you are.','나침반은 당신이 어디에 있든 항상 북쪽을 가리킵니다.',141),(1928,'I love the sound of drums!','나는 드럼 소리가 너무 좋아!',146),(1929,'The drums are an important part of a rock band.','드럼은 록 밴드의 중요한 부분이다.',146),(1930,'The marching band plays drums in a parade.','행진 악대가 퍼레이드에서 드럼을 연주한다.',146),(1931,'The music teacher taught us how to play the drums.','음악 선생님은 우리에게 드럼 치는 법을 가르쳐 주셨다.',146),(1932,'I love to hug my soft and cuddly teddy bear at bedtime.','나는 잠자리에 들 때 부드럽고 껴안고 싶은 곰인형을 껴안는 것을 좋아한다.',182),(1933,'My teddy bear is brown with a cute little bowtie.','내 테디베어는 갈색이고 작고 귀여운 나비넥타이를 가지고 있다.',182),(1934,'When I\'m feeling sad, my teddy bear always makes me feel better','내가 슬플 때, 내 곰인형은 항상 나를 기분 좋게 해줘.',182),(1935,'My teddy bear is my best friend and I take him everywhere with me.','나의 테디베어는 나의 가장 친한 친구이고 나는 그를 어디든 데리고 간다.',182),(1936,'I use the eraser to fix my mistakes when I\'m drawing.','저는 그림을 그릴 때 지우개를 사용하여 실수를 고칩니다.',214),(1937,'I love how my eraser makes my pencil marks disappear.','나는 내 지우개가 내 연필 자국을 사라지게 하는 것을 좋아한다.',214),(1938,'A skyscraper has many floors, like a big tower.','마천루는 큰 탑처럼 많은 층을 가지고 있다.',228),(1939,'When we drive through the city, we can see many colorful skyscrapers.','우리가 차를 몰고 도시를 지나갈 때, 우리는 많은 다채로운 고층 건물들을 볼 수 있습니다.',228),(1940,'It feels like you\'re touching the sky when you\'re at the top of a skyscraper.','마치 고층 빌딩 꼭대기에 있을 때 하늘을 만지는 것 같아요.',228),(1941,'Today is Tuesday, September 14th according to our calendar.','오늘은 우리 달력으로 9월 14일 화요일입니다',235),(1942,'Let\'s mark the first day of school on our calendar.','우리 달력에 학교 첫날을 표시해 두자.',235),(1943,'We can use stickers to remind us of special events on the calendar','우리는 달력에 있는 특별한 행사를 상기시키기 위해 스티커를 사용할 수 있습니다',235),(1944,'We can talk about the seasons by looking at the pictures on the calendar.','우리는 달력에 있는 사진을 봄으로써 계절에 대해 이야기할 수 있습니다.',235),(1945,'Look up, see the beautiful chandelier hanging from the ceiling!','위를 보세요, 천장에 매달려 있는 아름다운 샹들리에를 보세요!',251),(1946,'The chandelier sparkles and shines, making the room look magical','샹들리에가 반짝반짝 빛나며 방을 마법처럼 보이 게 한다',251),(1947,'\'The art museum had a chandelier made out of recycled materials that was both beautiful and eco-friendly.','그 미술관에는 아름답고 친 환경적인 재활용 재료로 만들어진 샹들리에가 있었다.',251),(1948,'We need matches to light the candles on the cake.','우리는 케이크 위의 촛불을 밝힐 성냥이 필요하다',297),(1949,'Be careful with matches, they can be dangerous.','성냥은 위험할 수 있으니 조심하세요',297),(1950,'My dad always keeps a box of matches in his pocket.','우리 아빠는 항상 성냥 한 갑을 주머니에 넣고 다니신다.',297),(1951,'Don\'t play with matches, always ask an adult for help.','성냥을 가지고 놀지 말고, 항상 어른에게 도움을 요청하세요',297),(1952,'I need to bring my umbrella to school in case it rains.','나는 비가 올 때를 대비해서 학교에 우산을 가지고 가야 한다',308),(1953,'We sang a song about rain and umbrellas during music class.','우리는 음악시간에 비와 우산에 관한 노래를 불렀다.',308),(1954,'The rainbow appeared after the rain stopped and we saw it over our umbrellas.','무지개는 비가 그친후에 나타났고 우리는 우산 너머로 그것을 보았다.',308),(1955,'The wind was so strong that it flipped my umbrella inside out','바람이 너무 세서 우산이 뒤집혔다',308),(1956,'We learned how to read a map in class today.','우리는 오늘 수업시간에 지도 읽는 법을 배웠어.',309),(1957,'Can you point to where we are on the map?','지도에서 우리가 있는 곳을 가리켜 줄 수 있나요?',309),(1958,'The map shows us how to get to the library.','그 지도는 도서관에 가는 방법을 보여준다.',309),(1959,'Let\'s sit on the bench and have a snack.','벤치에 앉아서 간식을 먹자',317),(1960,'The kitten is sleeping on the bench in the park.','고양이가 공원 벤치에서 자고 있다.',317),(1961,'We can put our backpack on the bench while we play.','우리는 우리가 노는 동안 우리의 배낭을 벤치에 둘 수 있다.',317),(1962,'The bird is chirping and hopping on the bench in the garden.','새가 정원의 벤치에서 지저귀고 깡충깡충 뛰고 있다.',317),(1963,'he drew a smiley face','그는 웃는 얼굴을 그렸다.',7),(1964,'He spent a year in jail.','그는 교도소에서 1년을 보냈다.',27),(1965,'He has been released from jail.','그는 교도소에서 석방되었다.',27),(1966,'Several prisoners broke out of the jail.','죄수 몇 명이 탈옥을 했다.',27);
/*!40000 ALTER TABLE `sentences` ENABLE KEYS */;
UNLOCK TABLES;

--
-- Table structure for table `tokens`
--

DROP TABLE IF EXISTS `tokens`;
/*!40101 SET @saved_cs_client     = @@character_set_client */;
/*!50503 SET character_set_client = utf8mb4 */;
CREATE TABLE `tokens` (
  `id` bigint NOT NULL AUTO_INCREMENT,
  `created_date` datetime DEFAULT NULL,
  `modified_date` datetime DEFAULT NULL,
  `refresh_token` varchar(255) NOT NULL,
  `user_id` varchar(10) DEFAULT NULL,
  PRIMARY KEY (`id`),
  KEY `FK2dylsfo39lgjyqml2tbe0b0ss` (`user_id`)
) ENGINE=MyISAM AUTO_INCREMENT=381 DEFAULT CHARSET=utf8mb4 COLLATE=utf8mb4_0900_ai_ci;
/*!40101 SET character_set_client = @saved_cs_client */;

--
-- Dumping data for table `tokens`
--

LOCK TABLES `tokens` WRITE;
/*!40000 ALTER TABLE `tokens` DISABLE KEYS */;
INSERT INTO `tokens` VALUES (216,'2023-04-04 05:02:17','2023-04-04 05:02:17','eyJ0eXAiOiJKV1QiLCJhbGciOiJIUzI1NiJ9.eyJleHAiOjE2ODA4NDM3MzcsImlkIjoieW1qMzUzOSJ9.57oLbMQdpWa6uOeJtH3pgfDE9G-5VnBDXUM8JcRD5O8','ymj3539'),(245,'2023-04-05 03:20:33','2023-04-05 03:20:33','eyJ0eXAiOiJKV1QiLCJhbGciOiJIUzI1NiJ9.eyJleHAiOjE2ODA5MjQwMzMsImlkIjoiYXNkYXNkIn0.Ur_OfW-jSK9GpohwUtRNbqlR4Ck4hrqu_Rytm7hSSHY','asdasd'),(254,'2023-04-05 06:08:30','2023-04-05 06:08:30','eyJ0eXAiOiJKV1QiLCJhbGciOiJIUzI1NiJ9.eyJleHAiOjE2ODA5MzQxMTAsImlkIjoic3NhZnk1In0.CGdDg8mZ7V20hcBifCPaSjfSV-lspKoDmEVcARQjY3w','ssafy5'),(340,'2023-04-06 12:44:15','2023-04-06 12:44:15','eyJ0eXAiOiJKV1QiLCJhbGciOiJIUzI1NiJ9.eyJleHAiOjE2ODEwNDQyNTQsImlkIjoidGVzdCJ9.7ChetpicnMhOQeCV4xessrD5b4s7sUUbJaV9sHgsxGE','test'),(379,'2023-04-07 01:48:22','2023-04-07 01:48:22','eyJ0eXAiOiJKV1QiLCJhbGciOiJIUzI1NiJ9.eyJleHAiOjE2ODEwOTEzMDEsImlkIjoic3NhZnkifQ.ubdHDYleTrsmYhh0Hv_zZ6ywSzeDHBx5eLA1VxLFZdM','ssafy'),(374,'2023-04-07 00:08:45','2023-04-07 00:08:45','eyJ0eXAiOiJKV1QiLCJhbGciOiJIUzI1NiJ9.eyJleHAiOjE2ODEwODUzMjQsImlkIjoieW9uZ2phZTIifQ.ilKjMVJArQQhmpttOY8JbmJ6IXXoUsrlCo7VpC-u2fg','yongjae2'),(380,'2023-04-07 01:52:10','2023-04-07 01:52:10','eyJ0eXAiOiJKV1QiLCJhbGciOiJIUzI1NiJ9.eyJleHAiOjE2ODEwOTE1MzAsImlkIjoic3V6ZGV2MzMifQ.enAj4RTJRPpPUZaaXWKWh4XRrwrUCZEvxI-1M51iRWY','suzdev33'),(377,'2023-04-07 00:49:59','2023-04-07 00:49:59','eyJ0eXAiOiJKV1QiLCJhbGciOiJIUzI1NiJ9.eyJleHAiOjE2ODEwODc3OTksImlkIjoidGVzdDEyMyJ9.Lk6kEjcvCe445vrAFhZ-wcwxZ3Ts4VUWLOVClPhrH3M','test123');
/*!40000 ALTER TABLE `tokens` ENABLE KEYS */;
UNLOCK TABLES;

--
-- Table structure for table `user_drawing`
--

DROP TABLE IF EXISTS `user_drawing`;
/*!40101 SET @saved_cs_client     = @@character_set_client */;
/*!50503 SET character_set_client = utf8mb4 */;
CREATE TABLE `user_drawing` (
  `id` bigint NOT NULL AUTO_INCREMENT,
  `created_date` datetime DEFAULT NULL,
  `modified_date` datetime DEFAULT NULL,
  `drawing_path` varchar(255) DEFAULT NULL,
  `percentage` float DEFAULT NULL,
  `user_id` varchar(10) NOT NULL,
  `word_id` bigint NOT NULL,
  PRIMARY KEY (`id`),
  KEY `FKsx4hbooiglq0wmn14i6kjsg1s` (`user_id`),
  KEY `FKqc9tnxr66nj2e7hqfg64t3sak` (`word_id`)
) ENGINE=MyISAM AUTO_INCREMENT=87 DEFAULT CHARSET=utf8mb4 COLLATE=utf8mb4_0900_ai_ci;
/*!40101 SET character_set_client = @saved_cs_client */;

--
-- Dumping data for table `user_drawing`
--

LOCK TABLES `user_drawing` WRITE;
/*!40000 ALTER TABLE `user_drawing` DISABLE KEYS */;
INSERT INTO `user_drawing` VALUES (1,'2023-04-06 04:51:01','2023-04-06 04:51:01','2139a669-ed9f-4bb4-bcdd-b1cd3b4d3f02.png',32.0115,'yongjae2',34),(2,'2023-04-06 04:51:30','2023-04-06 04:51:30','6076b378-d4ca-4fd4-b8c7-29ce9e3428af.png',17.1302,'yongjae2',247),(3,'2023-04-06 04:53:30','2023-04-06 04:53:30','1e2991f6-c463-4104-89aa-6f191728c7f5.png',17.8341,'yongjae2',79),(4,'2023-04-06 04:54:41','2023-04-06 04:54:41','b051d3e5-63fb-4d24-9558-dc3b8a1e44e4.png',14.4736,'yongjae2',27),(5,'2023-04-06 04:55:04','2023-04-06 04:55:04','7974464e-cd2c-4162-8526-373784319b06.png',29.234,'yongjae2',77),(6,'2023-04-06 04:55:23','2023-04-06 04:55:23','8b11cb92-7570-41ec-95be-1270c014445b.png',2.58843,'yongjae2',252),(7,'2023-04-06 04:55:34','2023-04-06 04:55:34','38765036-48fe-4406-9407-789947ebac7f.png',8.26179,'yongjae2',114),(8,'2023-04-06 04:56:18','2023-04-06 04:56:18','945f72b0-bac7-4a0a-9c7a-a39c4b6be175.png',65.8413,'yongjae2',9),(9,'2023-04-06 04:56:27','2023-04-06 04:56:27','27ebc5ee-36d2-4664-8a4e-35e11f43c33c.png',13.6819,'yongjae2',314),(10,'2023-04-06 04:56:51','2023-04-06 04:56:51','f49dd6b6-b663-40ea-900b-bf0976872a6b.png',68.1391,'yongjae2',4),(11,'2023-04-06 05:17:59','2023-04-06 05:17:59','11607909-7b24-4c9b-be60-dde258a8bd74.png',19.1893,'yongjae2',207),(41,'2023-04-06 11:43:01','2023-04-06 11:43:01','d03eca94-2a08-444f-b45c-efc40a96b5f2.png',56.8417,'yongjae3',107),(40,'2023-04-06 11:42:54','2023-04-06 11:42:54','870b5263-fbf9-4786-b07e-0bc84e1241d9.png',15.6797,'yongjae3',84),(39,'2023-04-06 11:42:42','2023-04-06 11:42:42','7ef50ffc-1dae-49f4-80c0-09b540ac0dd1.png',9.65295,'yongjae3',178),(38,'2023-04-06 11:37:24','2023-04-06 11:37:24','96b81cf0-eed1-41e6-9021-c2b1a957c09b.png',10.8686,'yongjae2',204),(37,'2023-04-06 11:08:22','2023-04-06 11:08:22','1fa6f7f5-c63d-46ba-a97a-5da5e9bd1025.png',7.45437,'test',170),(36,'2023-04-06 11:07:57','2023-04-06 11:07:57','87b5cb27-9f81-4ad4-8c33-acafc49051ca.png',2.89574,'test',36),(35,'2023-04-06 11:06:29','2023-04-06 11:06:29','9b9cf011-76dd-43ef-80b5-6a278a37f740.png',1.10535,'test',12),(33,'2023-04-06 08:09:09','2023-04-06 08:09:09','eee75ca8-477d-41c0-a11f-a01091dca7f8.png',15.54,'ssafy',46),(34,'2023-04-06 11:06:25','2023-04-06 11:06:25','a4527afe-2e7c-430c-9807-ff81be796f8e.png',12.3703,'test',195),(32,'2023-04-06 08:08:35','2023-04-06 08:08:35','46530c19-1f22-4da6-9eaf-939ed37ea1e1.png',49.1408,'ssafy',17),(30,'2023-04-06 07:35:19','2023-04-06 07:35:19','f0ebc36c-a90b-4e80-a15a-b8b18237a878.png',32.1143,'ssafy',118),(31,'2023-04-06 07:35:26','2023-04-06 07:35:26','f8fbef81-acd3-4e32-b545-009e45a42aa4.png',88.3894,'ssafy',211),(29,'2023-04-06 07:32:46','2023-04-06 07:32:46','826f3083-b7d7-4154-ab46-e872f2608e63.png',5.79395,'ssafy',293),(42,'2023-04-06 11:43:32','2023-04-06 11:43:32','dd8cc9ec-6f2c-40d0-9d4b-9538ea2f378d.png',0.460074,'yongjae3',113),(43,'2023-04-06 11:43:42','2023-04-06 11:43:42','21f6ab35-524b-4eb4-9c70-bd6948b5b7bd.png',6.1682,'yongjae3',78),(44,'2023-04-06 11:45:00','2023-04-06 11:45:00','4535cc4a-1727-4e1b-a0b9-9dd186f960bc.png',14.608,'yongjae3',23),(45,'2023-04-06 11:45:07','2023-04-06 11:45:07','2ab43207-010a-49b9-ac29-e47b1afc59fa.png',91.75,'yongjae3',119),(46,'2023-04-06 11:45:21','2023-04-06 11:45:21','8b2b39d9-ee80-44a0-ad1d-96e0eedf034a.png',38.9044,'yongjae3',120),(47,'2023-04-06 11:46:08','2023-04-06 11:46:08','f110ddbb-7653-4f19-baf0-e9679d322f8d.png',21.4725,'yongjae3',121),(48,'2023-04-06 12:20:14','2023-04-06 12:20:14','e44a8211-499d-47bd-9bfa-b9065cb3b246.png',6.77808,'ssafy',292),(50,'2023-04-06 12:20:55','2023-04-06 12:20:55','2ab781d1-1f38-4985-8325-e456ea752164.png',32.0077,'ssafy',97),(51,'2023-04-06 12:21:01','2023-04-06 12:21:01','e3a2bc99-84df-4943-b813-ff57e8ec6452.png',71.3508,'ssafy',228),(52,'2023-04-06 12:21:45','2023-04-06 12:21:45','4accea9b-0ff8-4688-b3a2-05657f9400c8.png',13.5992,'ssafy',248),(53,'2023-04-06 12:21:48','2023-04-06 12:21:48','5af370d6-6110-4f18-bace-8ef4de54f515.png',15.5974,'yongjae2',258),(54,'2023-04-06 12:22:37','2023-04-06 12:22:37','44f27b2e-2789-4e03-852c-7719fdf6f851.png',56.8459,'yongjae2',61),(55,'2023-04-06 12:23:00','2023-04-06 12:23:00','53fb282e-9014-4244-9152-a8c92afddb68.png',6.19803,'yongjae2',310),(56,'2023-04-06 14:23:33','2023-04-06 14:23:33','efa586b9-dc94-45a4-b057-b428afbee8f7.png',19.625,'test1',93),(57,'2023-04-06 14:31:57','2023-04-06 14:31:57','4bab3426-356a-4849-883b-1993005ec219.png',19.8782,'ssafy3',200),(58,'2023-04-06 14:32:19','2023-04-06 14:32:19','14cbb06a-a298-4f92-8124-eec046004afb.png',8.64809,'ssafy3',127),(59,'2023-04-06 14:32:35','2023-04-06 14:32:35','cf1a4b2a-b471-44f6-8e26-83a5edb1d1f4.png',52.0642,'ssafy3',47),(60,'2023-04-06 14:33:43','2023-04-06 14:33:43','144c0922-cc32-42a1-9408-f6d7455bf018.png',5.52024,'ssafy3',174),(61,'2023-04-06 15:25:13','2023-04-06 15:25:13','da56d236-f7e5-42df-b60f-c6cb959d9c28.png',12.2035,'yongjae2',144),(62,'2023-04-06 15:28:25','2023-04-06 15:28:25','c5970062-4c83-4b7a-b3fb-3189f66d286d.png',63.4448,'yongjae2',160),(63,'2023-04-06 15:29:05','2023-04-06 15:29:05','eb479d40-af69-41cb-ad39-a30f3769bfdc.png',8.41384,'yongjae2',67),(64,'2023-04-06 15:29:17','2023-04-06 15:29:17','cd49e723-3d86-4d68-bc75-6a9e9a7ec0a2.png',21.1884,'yongjae2',165),(65,'2023-04-06 15:29:26','2023-04-06 15:29:26','5e5cef43-8f36-4a71-a023-9d018da0aee9.png',6.30471,'yongjae2',103),(66,'2023-04-06 15:46:38','2023-04-06 15:46:38','288c2323-6872-40f5-8c4f-c98cdae8af7c.png',18.4508,'yongjae2',164),(67,'2023-04-06 15:47:09','2023-04-06 15:47:09','4dd1c43b-4cbd-45c5-810c-c8d34a7366e5.png',8.39735,'yongjae2',313),(68,'2023-04-06 15:47:25','2023-04-06 15:47:25','ee9e11b9-56be-446c-bd2d-e23bd6f40647.png',18.9688,'yongjae2',255),(69,'2023-04-06 15:54:56','2023-04-06 15:54:56','2903f8a5-bdd9-4d8c-bb4f-e6ce9f0a8e42.png',10.4776,'ssafy',212),(70,'2023-04-06 16:42:09','2023-04-06 16:42:09','560178eb-1371-4b68-a750-2d339c75024e.png',4.51949,'yunji9151',10),(71,'2023-04-06 23:15:22','2023-04-06 23:15:22','eba74a1b-efbc-4906-b148-daa4800ba213.png',9.70412,'yongjae2',127),(72,'2023-04-06 23:15:54','2023-04-06 23:15:54','a3ed41c4-62b2-49bf-ae88-cb93442c8a1e.png',74.5121,'yongjae2',282),(73,'2023-04-06 23:20:04','2023-04-06 23:20:04','83e8ef82-7fae-495c-a386-ef023ecb881a.png',26.0022,'yongjae2',309),(74,'2023-04-07 00:03:12','2023-04-07 00:03:12','ba245381-e98a-44ca-b659-2d2b5973865a.png',3.73488,'ssafy',310),(75,'2023-04-07 00:03:18','2023-04-07 00:03:18','bff5c31e-a632-4cb1-9d4e-787cf646d9a9.png',27.5011,'ssafy',261),(76,'2023-04-07 00:09:49','2023-04-07 00:09:49','ba274a7d-0c94-4c3c-a3b8-8e96c612c45e.png',14.1731,'yongjae2',227),(77,'2023-04-07 00:10:20','2023-04-07 00:10:20','a8ca2af5-03f1-4093-9301-1d288848345b.png',8.3295,'yongjae2',214),(78,'2023-04-07 00:10:58','2023-04-07 00:10:58','c592d16b-2cf8-46d7-b4b6-3c4593bb737b.png',13.4401,'yongjae2',339),(79,'2023-04-07 00:35:44','2023-04-07 00:35:44','f8279a2b-fcf2-46e3-889e-8e7ed0c7e2cf.png',13.5594,'suzdev33',96),(80,'2023-04-07 00:36:07','2023-04-07 00:36:07','711a4ee2-0752-4efb-84c6-35eec217f0db.png',12.1843,'suzdev33',168),(81,'2023-04-07 00:54:46','2023-04-07 00:54:46','0b8836fd-d081-4fda-bf22-60215654f76f.png',5.04298,'ssafy',52),(82,'2023-04-07 00:55:54','2023-04-07 00:55:54','96265402-3015-4084-9773-023f52222415.png',34.0048,'ssafy',34),(83,'2023-04-07 01:05:49','2023-04-07 01:05:49','875ae1a7-260b-4ab6-8d15-c5b72e5ff404.png',68.3735,'test123',17),(84,'2023-04-07 01:54:42','2023-04-07 01:54:42','786717da-d909-4ffb-9cda-6c9ece8e1abb.png',5.41277,'suzdev33',64),(85,'2023-04-07 01:54:50','2023-04-07 01:54:50','0d1f4538-0903-4614-a979-4e41dda2f2bb.png',18.8265,'suzdev33',56),(86,'2023-04-07 01:55:50','2023-04-07 01:55:50','7f04e55b-f444-4dc6-9bbd-63473039661b.png',19.6278,'suzdev33',137);
/*!40000 ALTER TABLE `user_drawing` ENABLE KEYS */;
UNLOCK TABLES;

--
-- Table structure for table `users`
--

DROP TABLE IF EXISTS `users`;
/*!40101 SET @saved_cs_client     = @@character_set_client */;
/*!50503 SET character_set_client = utf8mb4 */;
CREATE TABLE `users` (
  `id` varchar(10) NOT NULL,
  `created_date` datetime DEFAULT NULL,
  `modified_date` datetime DEFAULT NULL,
  `email` varchar(40) NOT NULL,
  `exp` bigint DEFAULT '0',
  `level` bigint DEFAULT '1',
  `name` varchar(10) NOT NULL,
  `nick_name` varchar(15) DEFAULT NULL,
  `pw` varchar(255) DEFAULT NULL,
  `profile` varchar(30) DEFAULT NULL,
  PRIMARY KEY (`id`),
  UNIQUE KEY `UK_6dotkott2kjsp8vw4d0m25fb7` (`email`),
  UNIQUE KEY `UK_pl4047a5k5enw6up4sjs8lyut` (`nick_name`)
) ENGINE=MyISAM DEFAULT CHARSET=utf8mb4 COLLATE=utf8mb4_0900_ai_ci;
/*!40101 SET character_set_client = @saved_cs_client */;

--
-- Dumping data for table `users`
--

LOCK TABLES `users` WRITE;
/*!40000 ALTER TABLE `users` DISABLE KEYS */;
INSERT INTO `users` VALUES ('ssafy4','2023-04-02 02:04:40','2023-04-04 14:06:05','ssafy4@ssafy.com',180,1,'ssafy4','착하게살게요',NULL,NULL),('ssafy3','2023-04-02 00:42:44','2023-04-06 14:33:46','ssafy3@ssafy.com',142,2,'ssafy3','싸피3','{bcrypt}$2a$10$KOoOpD28ehvE3yeTy6G79u3G2js.CCD2hCbwpbpnWxekE0JF2f/wW','Basic_1'),('ssafy1','2023-04-04 04:49:42','2023-04-05 23:48:20','ssafy1@ssafy.com',120,1,'김싸피','김싸피1','{bcrypt}$2a$10$mahewqgOMDBGcLefnfWYWuvFoArxopZVcrXSTIlJAuKRMbHrGufQy','Basic_1'),('ssafy2','2023-04-02 02:04:16','2023-04-05 10:45:35','ssafy2@ssafy.com',40,1,'ssafy2','싸피2','{bcrypt}$2a$10$aowFUyJkGBlRiIhuQJNNTeHDI9fNHIPn2.wBjCCtoJJ80Ux0cLEb6','Basic_1'),('ssafy6','2023-04-02 00:44:19','2023-04-05 10:45:58','ssafy6@ssafy.com',130,1,'ssafy6','싸피6','{bcrypt}$2a$10$5TP9x0GO7Z6MLcwXm7dWOOtT2/DsNS0uJU7ao5pqlcghsmSr8SUsG','Basic_1'),('parody9c','2023-04-02 00:51:46','2023-04-05 10:46:33','parody9c@ssafy.com',40,1,'임성민','춘식이악성개인팬','{bcrypt}$2a$10$oO2RzfCW0yidmo6zG3vvnuC8dmOuXql2UK9gO4tAGPfSJ1mc9PE12','Basic_1'),('ymj3539','2023-04-02 00:52:47','2023-04-06 00:04:25','ymj3539@ssafy.com',47,5,'윤민주','맨듀',NULL,NULL),('asdasd','2023-04-05 03:20:27','2023-04-05 03:20:27','asdzc@adf.com',0,1,'rrrrr','rrrrr','{bcrypt}$2a$10$pZe.j6YVymD0.34FVmNhkeTMv4u9VvlKGF8KrcaXO38X6Fu5QgOYW','Basic_1'),('yunji9151','2023-04-02 00:53:24','2023-04-07 01:07:22','yunji9151@ssafy.com',105,15,'최윤지','프짱','{bcrypt}$2a$10$bc.K8QaHBUbSieoLCN1AAetUSny9dWgVq55W76GgX5uxuDyCi0OtO','Robo_3'),('koj185364','2023-04-02 00:54:02','2023-04-02 00:54:02','koj185364@ssafy.com',0,1,'권용재','임성민악성개인팬','{bcrypt}$2a$10$NJbvBvZFHyAXnT3SCkPMFepmH.atEcEodmH00bxqlBoNAtAqDQfTS','Basic_1'),('tmdgml1754','2023-04-02 00:59:34','2023-04-06 04:19:27','tmdgml1754@ssafy.com',100,1,'조승희','승히','{bcrypt}$2a$10$7DKdjUY7F8zlBxcQqkbV3.XIWncs3gBQNm6tnm4ma5mIPsfE5rpWG','Basic_1'),('suzdev33','2023-04-02 01:00:12','2023-04-07 01:56:23','suz.dev33@ssafy.com',140,2,'조수정','두비','{bcrypt}$2a$10$W1EGBrBuQAabbKmz74/ZSOJ0xCfTq.k6nMILV6esD1KEvm03WHZ.u',NULL),('ssafy5','2023-04-02 02:05:04','2023-04-05 08:45:05','ssafy5@ssafy.com',70,1,'ssafy5','싸피5','{bcrypt}$2a$10$38GnNEc9n31YVVH8ieTmKu0z9qxPHs29yC6ljCB3LgdltyQeqweKi','Basic_1'),('test','2023-04-03 04:36:28','2023-04-05 13:37:22','test@t.r',50,1,'test','테스트으','{bcrypt}$2a$10$TpF0DNPkf0y0Yp3kgKjEM.wmP3V2sr1hbHFoo5J5TzfLQW/968Aa6','Basic_1'),('test2','2023-04-03 08:09:33','2023-04-03 08:09:53','test2@naver.com',0,1,'test22','test23','{bcrypt}$2a$10$nJqwJ6xkXscwUD592gBC6ukdFzvItkfLhF0o8XCGngDvoijHPbjsy','Basic_1'),('pika','2023-04-04 05:49:10','2023-04-05 13:05:33','ppp@kkk.chu',190,3,'pikachu','밀림의왕',NULL,NULL),('yongjae','2023-04-05 02:30:15','2023-04-05 02:34:04','kokokokoko@naver.com',30,1,'권용재','용재짱짱맨',NULL,NULL),('yongjae2','2023-04-05 03:42:45','2023-04-07 00:11:10','kkkk@naver.com',193,7,'크크크크','비타500','{bcrypt}$2a$10$jL9OTaa68IWR.9H6YQekfOlL2oUMvGAcW8voxD/AAaWqE40bSAcKO',NULL),('test1','2023-04-05 04:06:14','2023-04-06 18:08:09','test1@test1.com',70,15,'qwe','test1','{bcrypt}$2a$10$IfJ1qJAHikHcAYgQxYkd5OWsBl3yQlCFlbnEv0CoAP1rHIcQnPETu','HarryPotter_14'),('helloworld','2023-04-05 17:45:34','2023-04-06 05:30:32','ggg@ggg.com',110,1,'helloworld','안녕반가왕','{bcrypt}$2a$10$39D1Hw36DQV7am8QeCdkPuCwdzB/YnvgNCpskJyVBkrx3/RggV4HO','Basic_1'),('ssafy','2023-04-06 03:45:50','2023-04-07 01:17:29','ssafy@ssafy.com',178,3,'김싸피','싸피','{bcrypt}$2a$10$7RizQovtgZ3N4y3uTY4jj.Wx5fQ2o8hBfVGuyrJCbDgIAv7F3V0eC','Basic_1'),('test123','2023-04-07 00:49:54','2023-04-07 00:50:19','kacamimi@naver.com',0,1,'test','test','{bcrypt}$2a$10$ozgGdY2LjX86pJGIkdKq9eXsK5KG3Bd/7mpC1j.w44PLX1/QEIIru','Basic_1'),('yongjae3','2023-04-06 06:48:53','2023-04-06 11:46:11','zxc@naver.com',90,1,'ㄱㄱㄱㄱ','ㅋ덤벼','{bcrypt}$2a$10$d7vF4ujXHvvIpXwHewlCPeDyDXGNUyFTnTu5OWLFfmCZpgje1SAae','Basic_1');
/*!40000 ALTER TABLE `users` ENABLE KEYS */;
UNLOCK TABLES;

--
-- Table structure for table `words`
--

DROP TABLE IF EXISTS `words`;
/*!40101 SET @saved_cs_client     = @@character_set_client */;
/*!50503 SET character_set_client = utf8mb4 */;
CREATE TABLE `words` (
  `id` bigint NOT NULL AUTO_INCREMENT,
  `mean` varchar(15) DEFAULT NULL,
  `picture_path` varchar(255) DEFAULT NULL,
  `word` varchar(15) DEFAULT NULL,
  PRIMARY KEY (`id`)
) ENGINE=MyISAM AUTO_INCREMENT=341 DEFAULT CHARSET=utf8mb4 COLLATE=utf8mb4_0900_ai_ci;
/*!40101 SET character_set_client = @saved_cs_client */;

--
-- Dumping data for table `words`
--

LOCK TABLES `words` WRITE;
/*!40000 ALTER TABLE `words` DISABLE KEYS */;
INSERT INTO `words` VALUES (1,'말','horse.jpg','horse'),(2,'버섯','mushroom.jpg','mushroom'),(3,'눈','eye.jpg','eye'),(4,'땅콩','peanut.jpg','peanut'),(5,'무지개','rainbow.jpg','rainbow'),(6,'깃털','feather.jpg','feather'),(7,'웃는 얼굴','smiley face.jpg','smiley face'),(8,'잎사귀','leaf.jpg','leaf'),(9,'시소','see saw.jpg','see saw'),(10,'사다리','ladder.jpg','ladder'),(11,'사자','lion.jpg','lion'),(12,'깍지콩','string bean.jpg','string bean'),(13,'바구니','basket.jpg','basket'),(14,'모나리자','The Mona Lisa.jpg','The Mona Lisa'),(15,'잠수함','submarine.jpg','submarine'),(16,'실밥','stitches.jpg','stitches'),(17,'구름','cloud.jpg','cloud'),(18,'두개골','skull.jpg','skull'),(19,'팬더','panda.jpg','panda'),(20,'집','house.jpg','house'),(21,'전갈','scorpion.jpg','scorpion'),(22,'생일 케이크','birthday cake.jpg','birthday cake'),(23,'발가락','toe.jpg','toe'),(24,'테이블','table.jpg','table'),(25,'플로어 램프','floor lamp.jpg','floor lamp'),(26,'토끼','rabbit.jpg','rabbit'),(27,'감옥','jail.jpg','jail'),(28,'스웨터','sweater.jpg','sweater'),(29,'그네','swing set.jpg','swing set'),(30,'신발','shoe.jpg','shoe'),(31,'블랙베리','blackberry.jpg','blackberry'),(32,'모자','hat.jpg','hat'),(34,'눈송이','snowflake.jpg','snowflake'),(35,'연못','pond.jpg','pond'),(36,'목걸이','necklace.jpg','necklace'),(37,'소방차','firetruck.jpg','firetruck'),(38,'속옷','underwear.jpg','underwear'),(39,'열쇠','key.jpg','key'),(40,'기차','train.jpg','train'),(41,'카메라','camera.jpg','camera'),(42,'모루','anvil.jpg','anvil'),(43,'허리케인','hurricane.jpg','hurricane'),(44,'모기','mosquito.jpg','mosquito'),(45,'오토바이','motorbike.jpg','motorbike'),(46,'화필','paintbrush.jpg','paintbrush'),(47,'빗자루','broom.jpg','broom'),(48,'소화전','fire hydrant.jpg','fire hydrant'),(49,'원','circle.jpg','circle'),(50,'오븐','oven.jpg','oven'),(51,'롤러코스터','roller coaster.jpg','roller coaster'),(52,'기린','giraffe.jpg','giraffe'),(53,'등대','lighthouse.jpg','lighthouse'),(54,'양','sheep.jpg','sheep'),(55,'토스터','toaster.jpg','toaster'),(56,'라디오','radio.jpg','radio'),(57,'정지 신호','stop sign.jpg','stop sign'),(58,'찻주전자','teapot.jpg','teapot'),(59,'온수 욕조','hot tub.jpg','hot tub'),(60,'키보드','keyboard.jpg','keyboard'),(61,'병원','hospital.jpg','hospital'),(62,'비행접시','flying saucer.jpg','flying saucer'),(63,'핫도그','hot dog.jpg','hot dog'),(64,'코치','couch.jpg','couch'),(65,'플라밍고','flamingo.jpg','flamingo'),(66,'블루베리','blueberry.jpg','blueberry'),(67,'구불구불한 선','squiggle.jpg','squiggle'),(68,'배낭','backpack.jpg','backpack'),(69,'불도저','bulldozer.jpg','bulldozer'),(70,'얼룩말','zebra.jpg','zebra'),(71,'개구리','frog.jpg','frog'),(72,'안경','eyeglasses.jpg','eyeglasses'),(73,'전원 콘센트','power outlet.jpg','power outlet'),(74,'돌고래','dolphin.jpg','dolphin'),(75,'헛간','barn.jpg','barn'),(76,'팔꿈치','elbow.jpg','elbow'),(77,'꽃','flower.jpg','flower'),(78,'프라이팬','frying pan.jpg','frying pan'),(79,'바퀴','wheel.jpg','wheel'),(80,'난로','stove.jpg','stove'),(81,'사과','apple.jpg','apple'),(83,'나무','tree.jpg','tree'),(84,'이','tooth.jpg','tooth'),(85,'텔레비전','television.jpg','television'),(86,'산','mountain.jpg','mountain'),(87,'피자','pizza.jpg','pizza'),(88,'칼','sword.jpg','sword'),(89,'화초','house plant.jpg','house plant'),(90,'허리띠','belt.jpg','belt'),(91,'입','mouth.jpg','mouth'),(92,'가로등','streetlight.jpg','streetlight'),(93,'치약','toothpaste.jpg','toothpaste'),(94,'가위','scissors.jpg','scissors'),(95,'덤벨','dumbbell.jpg','dumbbell'),(96,'트랙터','tractor.jpg','tractor'),(97,'거미','spider.jpg','spider'),(98,'파인애플','pineapple.jpg','pineapple'),(99,'립스틱','lipstick.jpg','lipstick'),(100,'뱀','snake.jpg','snake'),(101,'계산기','calculator.jpg','calculator'),(102,'캥거루','kangaroo.jpg','kangaroo'),(103,'숟가락','spoon.jpg','spoon'),(104,'풍차','windmill.jpg','windmill'),(105,'다이아몬드','diamond.jpg','diamond'),(106,'낙하산','parachute.jpg','parachute'),(107,'왕관','crown.jpg','crown'),(108,'벌','bee.jpg','bee'),(109,'욕조','bathtub.jpg','bathtub'),(110,'톱','saw.jpg','saw'),(111,'부메랑','boomerang.jpg','boomerang'),(112,'요가','yoga.jpg','yoga'),(113,'샌드위치','sandwich.jpg','sandwich'),(114,'컴퓨터','computer.jpg','computer'),(115,'여권','passport.jpg','passport'),(116,'열기구','hot air balloon.jpg','hot air balloon'),(117,'개','dog.jpg','dog'),(118,'팔각형','octagon.jpg','octagon'),(119,'눈사람','snowman.jpg','snowman'),(120,'피아노','piano.jpg','piano'),(121,'스케이트보드','skateboard.jpg','skateboard'),(122,'돼지','pig.jpg','pig'),(123,'올빼미','owl.jpg','owl'),(124,'삼각형','triangle.jpg','triangle'),(125,'슬리퍼','flip flops.jpg','flip flops'),(126,'나비','butterfly.jpg','butterfly'),(127,'냉장고','cooler.jpg','cooler'),(128,'테니스 라켓','tennis racquet.jpg','tennis racquet'),(129,'고슴도치','hedgehog.jpg','hedgehog'),(130,'소','cow.jpg','cow'),(131,'골프채','golf club.jpg','golf club'),(132,'컵','cup.jpg','cup'),(133,'확성기','megaphone.jpg','megaphone'),(134,'턱수염','beard.jpg','beard'),(135,'와인잔','wine glass.jpg','wine glass'),(136,'책','book.jpg','book'),(137,'색소폰','saxophone.jpg','saxophone'),(138,'수영장','pool.jpg','pool'),(139,'벽난로','fireplace.jpg','fireplace'),(140,'인어','mermaid.jpg','mermaid'),(141,'나침반','compass.jpg','compass'),(142,'팔찌','bracelet.jpg','bracelet'),(143,'코끼리','elephant.jpg','elephant'),(144,'픽업 트럭','pickup truck.jpg','pickup truck'),(145,'자전거','bicycle.jpg','bicycle'),(146,'드럼','drums.jpg','drums'),(147,'스노클링','snorkel.jpg','snorkel'),(148,'앵무새','parrot.jpg','parrot'),(149,'마이크','microphone.jpg','microphone'),(150,'오리','duck.jpg','duck'),(151,'완두콩','peas.jpg','peas'),(152,'뇌','brain.jpg','brain'),(153,'손가락','finger.jpg','finger'),(154,'교회','church.jpg','church'),(155,'차','car.jpg','car'),(156,'티셔츠','t-shirt.jpg','t-shirt'),(157,'의자','chair.jpg','chair'),(158,'카누','canoe.jpg','canoe'),(159,'시계','clock.jpg','clock'),(160,'재킷','jacket.jpg','jacket'),(161,'드릴','drill.jpg','drill'),(162,'아스파라거스','asparagus.jpg','asparagus'),(163,'경찰차','police car.jpg','police car'),(164,'육각형','hexagon.jpg','hexagon'),(165,'대포','cannon.jpg','cannon'),(166,'원격 조종','remote control.jpg','remote control'),(167,'트럼본','trombone.jpg','trombone'),(168,'딸기','strawberry.jpg','strawberry'),(169,'하프','harp.jpg','harp'),(170,'수박','watermelon.jpg','watermelon'),(171,'케익','cake.jpg','cake'),(172,'상어','shark.jpg','shark'),(173,'해변','beach.jpg','beach'),(174,'귀','ear.jpg','ear'),(175,'당근','carrot.jpg','carrot'),(176,'침낭','sleeping bag.jpg','sleeping bag'),(177,'코','nose.jpg','nose'),(178,'캠프파이어','campfire.jpg','campfire'),(179,'버스','bus.jpg','bus'),(180,'팔','arm.jpg','arm'),(181,'삽','shovel.jpg','shovel'),(182,'곰인형','teddy-bear.jpg','teddy-bear'),(183,'배','pear.jpg','pear'),(184,'세탁기','washing machine.jpg','washing machine'),(185,'촛불','candle.jpg','candle'),(186,'액자','picture frame.jpg','picture frame'),(187,'도넛','donut.jpg','donut'),(188,'연필','pencil.jpg','pencil'),(189,'포크','fork.jpg','fork'),(190,'다람쥐','squirrel.jpg','squirrel'),(191,'잔디','grass.jpg','grass'),(192,'성','castle.jpg','castle'),(193,'승합차','van.jpg','van'),(194,'트럭','truck.jpg','truck'),(195,'신호등','traffic light.jpg','traffic light'),(196,'엽서','postcard.jpg','postcard'),(197,'고래','whale.jpg','whale'),(198,'천장 선풍기','ceiling fan.jpg','ceiling fan'),(199,'별','star.jpg','star'),(200,'천사','angel.jpg','angel'),(201,'붕대','bandage.jpg','bandage'),(202,'달팽이','snail.jpg','snail'),(203,'강','river.jpg','river'),(204,'선','line.jpg','line'),(205,'지갑','purse.jpg','purse'),(206,'스테이크','steak.jpg','steak'),(207,'봉투','envelope.jpg','envelope'),(208,'비','rain.jpg','rain'),(209,'종이 클립','paper clip.jpg','paper clip'),(210,'회오리','tornado.jpg','tornado'),(211,'문','door.jpg','door'),(212,'페인트통','paint can.jpg','paint can'),(213,'달','moon.jpg','moon'),(214,'지우개','eraser.jpg','eraser'),(215,'축구공','soccer ball.jpg','soccer ball'),(216,'헤드폰','headphones.jpg','headphones'),(217,'다이빙대','diving board.jpg','diving board'),(218,'발','foot.jpg','foot'),(219,'손전등','flashlight.jpg','flashlight'),(220,'선풍기','fan.jpg','fan'),(221,'무릎','knee.jpg','knee'),(222,'선인장','cactus.jpg','cactus'),(223,'망치','hammer.jpg','hammer'),(224,'침대','bed.jpg','bed'),(225,'박쥐','bat.jpg','bat'),(226,'새','bird.jpg','bird'),(227,'손목시계','wristwatch.jpg','wristwatch'),(228,'마천루','skyscraper.jpg','skyscraper'),(229,'비행기','airplane.jpg','airplane'),(230,'못','nail.jpg','nail'),(231,'갈퀴','rake.jpg','rake'),(232,'기타','guitar.jpg','guitar'),(233,'다리','bridge.jpg','bridge'),(234,'계단','stairs.jpg','stairs'),(235,'달력','calendar.jpg','calendar'),(236,'롤러스케이트','rollerskates.jpg','rollerskates'),(237,'헬리콥터','helicopter.jpg','helicopter'),(238,'바이올린','violin.jpg','violin'),(239,'코뿔소','rhinoceros.jpg','rhinoceros'),(240,'아이스바','popsicle.jpg','popsicle'),(241,'막대사탕','lollipop.jpg','lollipop'),(242,'식기세척기','dishwasher.jpg','dishwasher'),(243,'첼로','cello.jpg','cello'),(245,'휴대 전화','cell phone.jpg','cell phone'),(246,'크레용','crayon.jpg','crayon'),(247,'전구','light bulb.jpg','light bulb'),(248,'문어','octopus.jpg','octopus'),(249,'가라앉다','sink.jpg','sink'),(250,'양동이','bucket.jpg','bucket'),(251,'샹들리에','chandelier.jpg','chandelier'),(252,'태양','sun.jpg','sun'),(253,'나비넥타이','bowtie.jpg','bowtie'),(254,'하키 퍽','hockey puck.jpg','hockey puck'),(255,'노트북','laptop.jpg','laptop'),(256,'야자수','palm tree.jpg','palm tree'),(257,'칫솔','toothbrush.jpg','toothbrush'),(258,'도끼','axe.jpg','axe'),(259,'마카','marker.jpg','marker'),(260,'바다거북','sea turtle.jpg','sea turtle'),(261,'덤불','bush.jpg','bush'),(262,'랜턴','lantern.jpg','lantern'),(263,'바지','pants.jpg','pants'),(264,'쌍안경','binoculars.jpg','binoculars'),(265,'사각형','square.jpg','square'),(266,'헬멧','helmet.jpg','helmet'),(267,'청진기','stethoscope.jpg','stethoscope'),(268,'브로콜리','broccoli.jpg','broccoli'),(269,'손','hand.jpg','hand'),(270,'원숭이','monkey.jpg','monkey'),(271,'염소 수염을 기르다','goatee.jpg','goatee'),(272,'쿠키','cookie.jpg','cookie'),(273,'전화','telephone.jpg','telephone'),(274,'위장','camouflage.jpg','camouflage'),(275,'콧수염','moustache.jpg','moustache'),(276,'정원','garden.jpg','garden'),(277,'스쿨버스','school bus.jpg','school bus'),(278,'울타리','fence.jpg','fence'),(279,'농구','basketball.jpg','basketball'),(280,'화장실','toilet.jpg','toilet'),(281,'전자레인지','microwave.jpg','microwave'),(282,'햄버거','hamburger.jpg','hamburger'),(283,'스크루드라이버','screwdriver.jpg','screwdriver'),(284,'곰','bear.jpg','bear'),(285,'펜치','pliers.jpg','pliers'),(286,'고양이','cat.jpg','cat'),(287,'빵','bread.jpg','bread'),(288,'하키 스틱','hockey stick.jpg','hockey stick'),(289,'꽃병','vase.jpg','vase'),(290,'와인병','wine bottle.jpg','wine bottle'),(291,'번개','lightning.jpg','lightning'),(292,'감자','potato.jpg','potato'),(293,'나팔','trumpet.jpg','trumpet'),(294,'용','dragon.jpg','dragon'),(295,'바나나','banana.jpg','banana'),(296,'우편함','mailbox.jpg','mailbox'),(297,'성냥','matches.jpg','matches'),(298,'정원용 호스','garden hose.jpg','garden hose'),(299,'호랑이','tiger.jpg','tiger'),(300,'백조','swan.jpg','swan'),(301,'병마개','bottlecap.jpg','bottlecap'),(302,'자명종','alarm clock.jpg','alarm clock'),(303,'오디오','stereo.jpg','stereo'),(304,'개미','ant.jpg','ant'),(305,'펭귄','penguin.jpg','penguin'),(306,'클라리넷','clarinet.jpg','clarinet'),(307,'아이스크림','ice cream.jpg','ice cream'),(308,'우산','umbrella.jpg','umbrella'),(309,'지도','map.jpg','map'),(310,'포도','grapes.jpg','grapes'),(311,'요트','sailboat.jpg','sailboat'),(312,'모래시계','hourglass.jpg','hourglass'),(313,'야구','baseball.jpg','baseball'),(314,'모터보트','speedboat.jpg','speedboat'),(315,'너구리','raccoon.jpg','raccoon'),(316,'여행 가방','suitcase.jpg','suitcase'),(317,'벤치','bench.jpg','bench'),(318,'스프레드시트','spreadsheet.jpg','spreadsheet'),(319,'반바지','shorts.jpg','shorts'),(320,'양말','sock.jpg','sock'),(321,'낙타','camel.jpg','camel'),(322,'야구 방망이','baseball bat.jpg','baseball bat'),(323,'바닷가재','lobster.jpg','lobster'),(324,'커피잔','coffee cup.jpg','coffee cup'),(325,'옷장','dresser.jpg','dresser'),(326,'바다','ocean.jpg','ocean'),(327,'지그재그','zigzag.jpg','zigzag'),(328,'유람선','cruise ship.jpg','cruise ship'),(329,'머그컵','mug.jpg','mug'),(330,'쥐','mouse.jpg','mouse'),(331,'워터 슬라이드','waterslide.jpg','waterslide'),(332,'텐트','tent.jpg','tent'),(333,'베개','pillow.jpg','pillow'),(334,'물고기','fish.jpg','fish'),(335,'게','crab.jpg','crab'),(336,'얼굴','face.jpg','face'),(337,'구급차','ambulance.jpg','ambulance'),(338,'양파','onion.jpg','onion'),(339,'악어','crocodile.jpg','crocodile'),(340,'다리','leg.jpg','leg');
/*!40000 ALTER TABLE `words` ENABLE KEYS */;
UNLOCK TABLES;
/*!40103 SET TIME_ZONE=@OLD_TIME_ZONE */;

/*!40101 SET SQL_MODE=@OLD_SQL_MODE */;
/*!40014 SET FOREIGN_KEY_CHECKS=@OLD_FOREIGN_KEY_CHECKS */;
/*!40014 SET UNIQUE_CHECKS=@OLD_UNIQUE_CHECKS */;
/*!40101 SET CHARACTER_SET_CLIENT=@OLD_CHARACTER_SET_CLIENT */;
/*!40101 SET CHARACTER_SET_RESULTS=@OLD_CHARACTER_SET_RESULTS */;
/*!40101 SET COLLATION_CONNECTION=@OLD_COLLATION_CONNECTION */;
/*!40111 SET SQL_NOTES=@OLD_SQL_NOTES */;

-- Dump completed on 2023-04-07 11:14:18
